// Auto-generated by gif_to_c.py — DO NOT EDIT MANUALLY
// Animation : wow
// Source    : wow.gif
// Frames    : 24
// Frame size: 128x64 px  (1024 bytes each)
// Total     : 24576 bytes in Flash

#pragma once
#include <Arduino.h>

#define ANIM_WOW_FRAME_COUNT 24

// --- Frame data ---
// Read back with: pgm_read_ptr(&wow_frames[i])
static const uint8_t PROGMEM wow_frame_00[1024] = {
  0x00, 0x00, 0x00, 0x00, 0x00, 0x00, 0x00, 0x00, 0x00, 0x00, 0x00, 0x00, 0x00, 0x00, 0x00, 0x00,
  0x00, 0x00, 0x00, 0x00, 0x00, 0x00, 0x00, 0x00, 0x00, 0x00, 0x00, 0x00, 0x00, 0x00, 0x00, 0x00,
  0x00, 0x00, 0x00, 0x00, 0x00, 0x00, 0x00, 0x00, 0x00, 0x00, 0x00, 0x00, 0x00, 0x00, 0x00, 0x00,
  0x00, 0x00, 0x00, 0x00, 0x00, 0x00, 0x00, 0x00, 0x00, 0x00, 0x00, 0x00, 0x00, 0x00, 0x00, 0x00,
  0x00, 0x00, 0x00, 0x00, 0x00, 0x00, 0x00, 0x00, 0x00, 0x00, 0x00, 0x00, 0x00, 0x00, 0x00, 0x00,
  0x00, 0x00, 0x00, 0x00, 0x00, 0x00, 0x00, 0x00, 0x00, 0x00, 0x00, 0x00, 0x00, 0x00, 0x00, 0x00,
  0x00, 0x00, 0x00, 0x00, 0x00, 0x00, 0x00, 0x00, 0x00, 0x00, 0x00, 0x00, 0x00, 0x00, 0x00, 0x00,
  0x00, 0x00, 0x00, 0x00, 0x00, 0x00, 0x00, 0x00, 0x00, 0x00, 0x00, 0x00, 0x00, 0x00, 0x00, 0x00,
  0x00, 0x00, 0x00, 0x00, 0x00, 0x00, 0x00, 0x00, 0x00, 0x00, 0x00, 0x00, 0x00, 0x00, 0x00, 0x00,
  0x00, 0x00, 0x00, 0x00, 0x00, 0x00, 0x00, 0x00, 0x00, 0x00, 0x00, 0x00, 0x00, 0x00, 0x00, 0x00,
  0x00, 0x00, 0x00, 0x00, 0x00, 0x00, 0x00, 0x00, 0x00, 0x00, 0x00, 0x00, 0x00, 0x00, 0x00, 0x00,
  0x00, 0x00, 0x00, 0x00, 0x00, 0x00, 0x00, 0x00, 0x00, 0x00, 0x00, 0x00, 0x00, 0x00, 0x00, 0x00,
  0x00, 0x00, 0x00, 0x00, 0x00, 0x00, 0x00, 0x00, 0x00, 0x00, 0x00, 0x00, 0x00, 0x00, 0x00, 0x00,
  0x00, 0x00, 0x00, 0x00, 0x00, 0x00, 0x00, 0x00, 0x00, 0x00, 0x00, 0x00, 0x00, 0x00, 0x00, 0x00,
  0x00, 0x00, 0x0F, 0xFF, 0xFF, 0xFF, 0xE0, 0x00, 0x00, 0x1F, 0xFF, 0xFF, 0xFF, 0xE0, 0x00, 0x00,
  0x00, 0x00, 0x1F, 0xFF, 0xFF, 0xFF, 0xF8, 0x00, 0x00, 0x3F, 0xFF, 0xFF, 0xFF, 0xF8, 0x00, 0x00,
  0x00, 0x00, 0x7F, 0xFF, 0xFF, 0xFF, 0xFC, 0x00, 0x00, 0xFF, 0xFF, 0xFF, 0xFF, 0xFC, 0x00, 0x00,
  0x00, 0x00, 0x7F, 0xFF, 0xFF, 0xFF, 0xFE, 0x00, 0x00, 0xFF, 0xFF, 0xFF, 0xFF, 0xFC, 0x00, 0x00,
  0x00, 0x00, 0xFF, 0xFF, 0xFF, 0xFF, 0xFF, 0x00, 0x01, 0xFF, 0xFF, 0xFF, 0xFF, 0xFE, 0x00, 0x00,
  0x00, 0x00, 0xFF, 0xFF, 0xFF, 0xFF, 0xFF, 0x00, 0x01, 0xFF, 0xFF, 0xFF, 0xFF, 0xFE, 0x00, 0x00,
  0x00, 0x01, 0xFF, 0xFF, 0xFF, 0xFF, 0xFF, 0x00, 0x01, 0xFF, 0xFF, 0xFF, 0xFF, 0xFF, 0x00, 0x00,
  0x00, 0x01, 0xFF, 0xFF, 0xFF, 0xFF, 0xFF, 0x00, 0x01, 0xFF, 0xFF, 0xFF, 0xFF, 0xFF, 0x00, 0x00,
  0x00, 0x01, 0xFF, 0xFF, 0xFF, 0xFF, 0xFF, 0x00, 0x01, 0xFF, 0xFF, 0xFF, 0xFF, 0xFF, 0x00, 0x00,
  0x00, 0x01, 0xFF, 0xFF, 0xFF, 0xFF, 0xFF, 0x00, 0x01, 0xFF, 0xFF, 0xFF, 0xFF, 0xFF, 0x00, 0x00,
  0x00, 0x01, 0xFF, 0xFF, 0xFF, 0xFF, 0xFF, 0x00, 0x01, 0xFF, 0xFF, 0xFF, 0xFF, 0xFF, 0x00, 0x00,
  0x00, 0x01, 0xFF, 0xFF, 0xFF, 0xFF, 0xFF, 0x00, 0x01, 0xFF, 0xFF, 0xFF, 0xFF, 0xFF, 0x00, 0x00,
  0x00, 0x01, 0xFF, 0xFF, 0xFF, 0xFF, 0xFF, 0x00, 0x01, 0xFF, 0xFF, 0xFF, 0xFF, 0xFF, 0x00, 0x00,
  0x00, 0x01, 0xFF, 0xFF, 0xFF, 0xFF, 0xFF, 0x00, 0x01, 0xFF, 0xFF, 0xFF, 0xFF, 0xFF, 0x00, 0x00,
  0x00, 0x01, 0xFF, 0xFF, 0xFF, 0xFF, 0xFF, 0x00, 0x01, 0xFF, 0xFF, 0xFF, 0xFF, 0xFF, 0x00, 0x00,
  0x00, 0x01, 0xFF, 0xFF, 0xFF, 0xFF, 0xFF, 0x00, 0x01, 0xFF, 0xFF, 0xFF, 0xFF, 0xFF, 0x00, 0x00,
  0x00, 0x01, 0xFF, 0xFF, 0xFF, 0xFF, 0xFF, 0x00, 0x01, 0xFF, 0xFF, 0xFF, 0xFF, 0xFF, 0x00, 0x00,
  0x00, 0x01, 0xFF, 0xFF, 0xFF, 0xFF, 0xFF, 0x00, 0x01, 0xFF, 0xFF, 0xFF, 0xFF, 0xFF, 0x00, 0x00,
  0x00, 0x01, 0xFF, 0xFF, 0xFF, 0xFF, 0xFF, 0x00, 0x01, 0xFF, 0xFF, 0xFF, 0xFF, 0xFF, 0x00, 0x00,
  0x00, 0x01, 0xFF, 0xFF, 0xFF, 0xFF, 0xFF, 0x00, 0x01, 0xFF, 0xFF, 0xFF, 0xFF, 0xFF, 0x00, 0x00,
  0x00, 0x01, 0xFF, 0xFF, 0xFF, 0xFF, 0xFF, 0x00, 0x01, 0xFF, 0xFF, 0xFF, 0xFF, 0xFF, 0x00, 0x00,
  0x00, 0x01, 0xFF, 0xFF, 0xFF, 0xFF, 0xFF, 0x00, 0x01, 0xFF, 0xFF, 0xFF, 0xFF, 0xFF, 0x00, 0x00,
  0x00, 0x01, 0xFF, 0xFF, 0xFF, 0xFF, 0xFF, 0x00, 0x01, 0xFF, 0xFF, 0xFF, 0xFF, 0xFF, 0x00, 0x00,
  0x00, 0x01, 0xFF, 0xFF, 0xFF, 0xFF, 0xFF, 0x00, 0x01, 0xFF, 0xFF, 0xFF, 0xFF, 0xFF, 0x00, 0x00,
  0x00, 0x01, 0xFF, 0xFF, 0xFF, 0xFF, 0xFF, 0x00, 0x01, 0xFF, 0xFF, 0xFF, 0xFF, 0xFF, 0x00, 0x00,
  0x00, 0x01, 0xFF, 0xFF, 0xFF, 0xFF, 0xFF, 0x00, 0x01, 0xFF, 0xFF, 0xFF, 0xFF, 0xFF, 0x00, 0x00,
  0x00, 0x01, 0xFF, 0xFF, 0xFF, 0xFF, 0xFF, 0x00, 0x01, 0xFF, 0xFF, 0xFF, 0xFF, 0xFF, 0x00, 0x00,
  0x00, 0x01, 0xFF, 0xFF, 0xFF, 0xFF, 0xFF, 0x00, 0x01, 0xFF, 0xFF, 0xFF, 0xFF, 0xFF, 0x00, 0x00,
  0x00, 0x01, 0xFF, 0xFF, 0xFF, 0xFF, 0xFF, 0x00, 0x01, 0xFF, 0xFF, 0xFF, 0xFF, 0xFF, 0x00, 0x00,
  0x00, 0x01, 0xFF, 0xFF, 0xFF, 0xFF, 0xFF, 0x00, 0x01, 0xFF, 0xFF, 0xFF, 0xFF, 0xFF, 0x00, 0x00,
  0x00, 0x01, 0xFF, 0xFF, 0xFF, 0xFF, 0xFF, 0x00, 0x01, 0xFF, 0xFF, 0xFF, 0xFF, 0xFF, 0x00, 0x00,
  0x00, 0x01, 0xFF, 0xFF, 0xFF, 0xFF, 0xFF, 0x00, 0x01, 0xFF, 0xFF, 0xFF, 0xFF, 0xFF, 0x00, 0x00,
  0x00, 0x01, 0xFF, 0xFF, 0xFF, 0xFF, 0xFF, 0x00, 0x01, 0xFF, 0xFF, 0xFF, 0xFF, 0xFF, 0x00, 0x00,
  0x00, 0x01, 0xFF, 0xFF, 0xFF, 0xFF, 0xFF, 0x00, 0x01, 0xFF, 0xFF, 0xFF, 0xFF, 0xFF, 0x00, 0x00,
  0x00, 0x00, 0xFF, 0xFF, 0xFF, 0xFF, 0xFF, 0x00, 0x01, 0xFF, 0xFF, 0xFF, 0xFF, 0xFE, 0x00, 0x00,
  0x00, 0x00, 0xFF, 0xFF, 0xFF, 0xFF, 0xFF, 0x00, 0x01, 0xFF, 0xFF, 0xFF, 0xFF, 0xFE, 0x00, 0x00,
  0x00, 0x00, 0xFF, 0xFF, 0xFF, 0xFF, 0xFE, 0x00, 0x00, 0xFF, 0xFF, 0xFF, 0xFF, 0xFC, 0x00, 0x00,
  0x00, 0x00, 0x7F, 0xFF, 0xFF, 0xFF, 0xFE, 0x00, 0x00, 0xFF, 0xFF, 0xFF, 0xFF, 0xFC, 0x00, 0x00,
  0x00, 0x00, 0x3F, 0xFF, 0xFF, 0xFF, 0xFC, 0x00, 0x00, 0x7F, 0xFF, 0xFF, 0xFF, 0xF8, 0x00, 0x00,
  0x00, 0x00, 0x1F, 0xFF, 0xFF, 0xFF, 0xF8, 0x00, 0x00, 0x1F, 0xFF, 0xFF, 0xFF, 0xE0, 0x00, 0x00,
  0x00, 0x00, 0x03, 0xFF, 0xFF, 0xFF, 0xC0, 0x00, 0x00, 0x03, 0xFF, 0xFF, 0xFF, 0x00, 0x00, 0x00,
  0x00, 0x00, 0x00, 0x00, 0x00, 0x00, 0x00, 0x00, 0x00, 0x00, 0x00, 0x00, 0x00, 0x00, 0x00, 0x00,
  0x00, 0x00, 0x00, 0x00, 0x00, 0x00, 0x00, 0x00, 0x00, 0x00, 0x00, 0x00, 0x00, 0x00, 0x00, 0x00,
  0x00, 0x00, 0x00, 0x00, 0x00, 0x00, 0x00, 0x00, 0x00, 0x00, 0x00, 0x00, 0x00, 0x00, 0x00, 0x00,
  0x00, 0x00, 0x00, 0x00, 0x00, 0x00, 0x00, 0x00, 0x00, 0x00, 0x00, 0x00, 0x00, 0x00, 0x00, 0x00,
  0x00, 0x00, 0x00, 0x00, 0x00, 0x00, 0x00, 0x00, 0x00, 0x00, 0x00, 0x00, 0x00, 0x00, 0x00, 0x00,
  0x00, 0x00, 0x00, 0x00, 0x00, 0x00, 0x00, 0x00, 0x00, 0x00, 0x00, 0x00, 0x00, 0x00, 0x00, 0x00,
  0x00, 0x00, 0x00, 0x00, 0x00, 0x00, 0x00, 0x00, 0x00, 0x00, 0x00, 0x00, 0x00, 0x00, 0x00, 0x00,
  0x00, 0x00, 0x00, 0x00, 0x00, 0x00, 0x00, 0x00, 0x00, 0x00, 0x00, 0x00, 0x00, 0x00, 0x00, 0x00,
  0x00, 0x00, 0x00, 0x00, 0x00, 0x00, 0x00, 0x00, 0x00, 0x00, 0x00, 0x00, 0x00, 0x00, 0x00, 0x00,
};

static const uint8_t PROGMEM wow_frame_01[1024] = {
  0x00, 0x00, 0x00, 0x00, 0x00, 0x00, 0x00, 0x00, 0x00, 0x00, 0x00, 0x00, 0x00, 0x00, 0x00, 0x00,
  0x00, 0x00, 0x00, 0x00, 0x00, 0x00, 0x00, 0x00, 0x00, 0x00, 0x00, 0x00, 0x00, 0x00, 0x00, 0x00,
  0x00, 0x00, 0x00, 0x00, 0x00, 0x00, 0x00, 0x00, 0x00, 0x00, 0x00, 0x00, 0x00, 0x00, 0x00, 0x00,
  0x00, 0x00, 0x00, 0x00, 0x00, 0x00, 0x00, 0x00, 0x00, 0x00, 0x00, 0x00, 0x00, 0x00, 0x00, 0x00,
  0x00, 0x00, 0x00, 0x00, 0x00, 0x00, 0x00, 0x00, 0x00, 0x00, 0x00, 0x00, 0x00, 0x00, 0x00, 0x00,
  0x00, 0x00, 0x00, 0x00, 0x00, 0x00, 0x00, 0x00, 0x00, 0x00, 0x00, 0x00, 0x00, 0x00, 0x00, 0x00,
  0x00, 0x00, 0x00, 0x00, 0x00, 0x00, 0x00, 0x00, 0x00, 0x00, 0x00, 0x00, 0x00, 0x00, 0x00, 0x00,
  0x00, 0x00, 0x00, 0x00, 0x00, 0x00, 0x00, 0x00, 0x00, 0x00, 0x00, 0x00, 0x00, 0x00, 0x00, 0x00,
  0x00, 0x00, 0x00, 0x00, 0x00, 0x00, 0x00, 0x00, 0x00, 0x00, 0x00, 0x00, 0x00, 0x00, 0x00, 0x00,
  0x00, 0x00, 0x00, 0x00, 0x00, 0x00, 0x00, 0x00, 0x00, 0x00, 0x00, 0x00, 0x00, 0x00, 0x00, 0x00,
  0x00, 0x00, 0x00, 0x00, 0x00, 0x00, 0x00, 0x00, 0x00, 0x00, 0x00, 0x00, 0x00, 0x00, 0x00, 0x00,
  0x00, 0x00, 0x00, 0x00, 0x00, 0x00, 0x00, 0x00, 0x00, 0x00, 0x7E, 0x00, 0x00, 0x00, 0x00, 0x00,
  0x00, 0x00, 0x00, 0x00, 0x01, 0xFE, 0x00, 0x00, 0x00, 0x01, 0xFF, 0xC0, 0x00, 0x00, 0x00, 0x00,
  0x00, 0x00, 0x00, 0x00, 0x0F, 0xFF, 0x80, 0x00, 0x00, 0x07, 0xFF, 0xF8, 0x00, 0x00, 0x00, 0x00,
  0x00, 0x00, 0x00, 0x00, 0x7F, 0xFF, 0xC0, 0x00, 0x00, 0x0F, 0xFF, 0xFF, 0x80, 0x00, 0x00, 0x00,
  0x00, 0x00, 0x00, 0x03, 0xFF, 0xFF, 0xE0, 0x00, 0x00, 0x0F, 0xFF, 0xFF, 0xF0, 0x00, 0x00, 0x00,
  0x00, 0x00, 0x00, 0x1F, 0xFF, 0xFF, 0xF0, 0x00, 0x00, 0x1F, 0xFF, 0xFF, 0xFE, 0x00, 0x00, 0x00,
  0x00, 0x00, 0x01, 0xFF, 0xFF, 0xFF, 0xF0, 0x00, 0x00, 0x3F, 0xFF, 0xFF, 0xFF, 0xC0, 0x00, 0x00,
  0x00, 0x00, 0x0F, 0xFF, 0xFF, 0xFF, 0xF8, 0x00, 0x00, 0x3F, 0xFF, 0xFF, 0xFF, 0xF8, 0x00, 0x00,
  0x00, 0x00, 0x3F, 0xFF, 0xFF, 0xFF, 0xF8, 0x00, 0x00, 0x3F, 0xFF, 0xFF, 0xFF, 0xFE, 0x00, 0x00,
  0x00, 0x00, 0xFF, 0xFF, 0xFF, 0xFF, 0xFC, 0x00, 0x00, 0x7F, 0xFF, 0xFF, 0xFF, 0xFF, 0x00, 0x00,
  0x00, 0x01, 0xFF, 0xFF, 0xFF, 0xFF, 0xFC, 0x00, 0x00, 0x7F, 0xFF, 0xFF, 0xFF, 0xFF, 0x80, 0x00,
  0x00, 0x03, 0xFF, 0xFF, 0xFF, 0xFF, 0xFC, 0x00, 0x00, 0x7F, 0xFF, 0xFF, 0xFF, 0xFF, 0x80, 0x00,
  0x00, 0x03, 0xFF, 0xFF, 0xFF, 0xFF, 0xFE, 0x00, 0x00, 0xFF, 0xFF, 0xFF, 0xFF, 0xFF, 0xC0, 0x00,
  0x00, 0x07, 0xFF, 0xFF, 0xFF, 0xFF, 0xFE, 0x00, 0x00, 0xFF, 0xFF, 0xFF, 0xFF, 0xFF, 0xC0, 0x00,
  0x00, 0x07, 0xFF, 0xFF, 0xFF, 0xFF, 0xFE, 0x00, 0x00, 0xFF, 0xFF, 0xFF, 0xFF, 0xFF, 0xC0, 0x00,
  0x00, 0x07, 0xFF, 0xFF, 0xFF, 0xFF, 0xFF, 0x00, 0x01, 0xFF, 0xFF, 0xFF, 0xFF, 0xFF, 0xC0, 0x00,
  0x00, 0x07, 0xFF, 0xFF, 0xFF, 0xFF, 0xFF, 0x00, 0x01, 0xFF, 0xFF, 0xFF, 0xFF, 0xFF, 0xC0, 0x00,
  0x00, 0x07, 0xFF, 0xFF, 0xFF, 0xFF, 0xFF, 0x00, 0x01, 0xFF, 0xFF, 0xFF, 0xFF, 0xFF, 0xC0, 0x00,
  0x00, 0x07, 0xFF, 0xFF, 0xFF, 0xFF, 0xFF, 0x80, 0x03, 0xFF, 0xFF, 0xFF, 0xFF, 0xFF, 0xC0, 0x00,
  0x00, 0x07, 0xFF, 0xFF, 0xFF, 0xFF, 0xFF, 0x80, 0x03, 0xFF, 0xFF, 0xFF, 0xFF, 0xFF, 0xC0, 0x00,
  0x00, 0x07, 0xFF, 0xFF, 0xFF, 0xFF, 0xFF, 0x80, 0x03, 0xFF, 0xFF, 0xFF, 0xFF, 0xFF, 0x80, 0x00,
  0x00, 0x03, 0xFF, 0xFF, 0xFF, 0xFF, 0xFF, 0x80, 0x03, 0xFF, 0xFF, 0xFF, 0xFF, 0xFF, 0x80, 0x00,
  0x00, 0x03, 0xFF, 0xFF, 0xFF, 0xFF, 0xFF, 0xC0, 0x07, 0xFF, 0xFF, 0xFF, 0xFF, 0xFF, 0x80, 0x00,
  0x00, 0x03, 0xFF, 0xFF, 0xFF, 0xFF, 0xFF, 0xC0, 0x07, 0xFF, 0xFF, 0xFF, 0xFF, 0xFF, 0x80, 0x00,
  0x00, 0x03, 0xFF, 0xFF, 0xFF, 0xFF, 0xFF, 0xC0, 0x07, 0xFF, 0xFF, 0xFF, 0xFF, 0xFF, 0x00, 0x00,
  0x00, 0x01, 0xFF, 0xFF, 0xFF, 0xFF, 0xFF, 0xC0, 0x07, 0xFF, 0xFF, 0xFF, 0xFF, 0xFF, 0x00, 0x00,
  0x00, 0x01, 0xFF, 0xFF, 0xFF, 0xFF, 0xFF, 0xE0, 0x0F, 0xFF, 0xFF, 0xFF, 0xFF, 0xFF, 0x00, 0x00,
  0x00, 0x01, 0xFF, 0xFF, 0xFF, 0xFF, 0xFF, 0xE0, 0x0F, 0xFF, 0xFF, 0xFF, 0xFF, 0xFE, 0x00, 0x00,
  0x00, 0x00, 0xFF, 0xFF, 0xFF, 0xFF, 0xFF, 0xE0, 0x0F, 0xFF, 0xFF, 0xFF, 0xFF, 0xFE, 0x00, 0x00,
  0x00, 0x00, 0xFF, 0xFF, 0xFF, 0xFF, 0xFF, 0xE0, 0x0F, 0xFF, 0xFF, 0xFF, 0xFF, 0xFE, 0x00, 0x00,
  0x00, 0x00, 0xFF, 0xFF, 0xFF, 0xFF, 0xFF, 0xE0, 0x0F, 0xFF, 0xFF, 0xFF, 0xFF, 0xFE, 0x00, 0x00,
  0x00, 0x00, 0xFF, 0xFF, 0xFF, 0xFF, 0xFF, 0xE0, 0x0F, 0xFF, 0xFF, 0xFF, 0xFF, 0xFC, 0x00, 0x00,
  0x00, 0x00, 0x7F, 0xFF, 0xFF, 0xFF, 0xFF, 0xE0, 0x0F, 0xFF, 0xFF, 0xFF, 0xFF, 0xFC, 0x00, 0x00,
  0x00, 0x00, 0x7F, 0xFF, 0xFF, 0xFF, 0xFF, 0xE0, 0x0F, 0xFF, 0xFF, 0xFF, 0xFF, 0xFC, 0x00, 0x00,
  0x00, 0x00, 0x7F, 0xFF, 0xFF, 0xFF, 0xFF, 0xE0, 0x07, 0xFF, 0xFF, 0xFF, 0xFF, 0xF8, 0x00, 0x00,
  0x00, 0x00, 0x3F, 0xFF, 0xFF, 0xFF, 0xFF, 0xE0, 0x07, 0xFF, 0xFF, 0xFF, 0xFF, 0xF8, 0x00, 0x00,
  0x00, 0x00, 0x3F, 0xFF, 0xFF, 0xFF, 0xFF, 0xC0, 0x03, 0xFF, 0xFF, 0xFF, 0xFF, 0xF8, 0x00, 0x00,
  0x00, 0x00, 0x3F, 0xFF, 0xFF, 0xFF, 0xFF, 0x80, 0x03, 0xFF, 0xFF, 0xFF, 0xFF, 0xF0, 0x00, 0x00,
  0x00, 0x00, 0x1F, 0xFF, 0xFF, 0xFF, 0xFF, 0x80, 0x01, 0xFF, 0xFF, 0xFF, 0xFF, 0xF0, 0x00, 0x00,
  0x00, 0x00, 0x1F, 0xFF, 0xFF, 0xFF, 0xFE, 0x00, 0x00, 0x7F, 0xFF, 0xFF, 0xFF, 0xF0, 0x00, 0x00,
  0x00, 0x00, 0x1F, 0xFF, 0xFF, 0xFF, 0xFC, 0x00, 0x00, 0x1F, 0xFF, 0xFF, 0xFF, 0xE0, 0x00, 0x00,
  0x00, 0x00, 0x0F, 0xFF, 0xFF, 0xFF, 0xE0, 0x00, 0x00, 0x01, 0xFF, 0xFF, 0xFF, 0xE0, 0x00, 0x00,
  0x00, 0x00, 0x0F, 0xFF, 0xFF, 0xFF, 0x00, 0x00, 0x00, 0x00, 0x3F, 0xFF, 0xFF, 0xC0, 0x00, 0x00,
  0x00, 0x00, 0x07, 0xFF, 0xFF, 0xF0, 0x00, 0x00, 0x00, 0x00, 0x03, 0xFF, 0xFF, 0x80, 0x00, 0x00,
  0x00, 0x00, 0x03, 0xFF, 0xFF, 0x00, 0x00, 0x00, 0x00, 0x00, 0x00, 0x3F, 0xFF, 0x00, 0x00, 0x00,
  0x00, 0x00, 0x01, 0xFF, 0xF8, 0x00, 0x00, 0x00, 0x00, 0x00, 0x00, 0x03, 0xFE, 0x00, 0x00, 0x00,
  0x00, 0x00, 0x00, 0xFF, 0x80, 0x00, 0x00, 0x00, 0x00, 0x00, 0x00, 0x00, 0x00, 0x00, 0x00, 0x00,
  0x00, 0x00, 0x00, 0x00, 0x00, 0x00, 0x00, 0x00, 0x00, 0x00, 0x00, 0x00, 0x00, 0x00, 0x00, 0x00,
  0x00, 0x00, 0x00, 0x00, 0x00, 0x00, 0x00, 0x00, 0x00, 0x00, 0x00, 0x00, 0x00, 0x00, 0x00, 0x00,
  0x00, 0x00, 0x00, 0x00, 0x00, 0x00, 0x00, 0x00, 0x00, 0x00, 0x00, 0x00, 0x00, 0x00, 0x00, 0x00,
  0x00, 0x00, 0x00, 0x00, 0x00, 0x00, 0x00, 0x00, 0x00, 0x00, 0x00, 0x00, 0x00, 0x00, 0x00, 0x00,
  0x00, 0x00, 0x00, 0x00, 0x00, 0x00, 0x00, 0x00, 0x00, 0x00, 0x00, 0x00, 0x00, 0x00, 0x00, 0x00,
  0x00, 0x00, 0x00, 0x00, 0x00, 0x00, 0x00, 0x00, 0x00, 0x00, 0x00, 0x00, 0x00, 0x00, 0x00, 0x00,
};

static const uint8_t PROGMEM wow_frame_02[1024] = {
  0x00, 0x00, 0x00, 0x00, 0x00, 0x00, 0x00, 0x00, 0x00, 0x00, 0x00, 0x00, 0x00, 0x00, 0x00, 0x00,
  0x00, 0x00, 0x00, 0x00, 0x00, 0x00, 0x00, 0x00, 0x00, 0x00, 0x00, 0x00, 0x00, 0x00, 0x00, 0x00,
  0x00, 0x00, 0x00, 0x00, 0x00, 0x00, 0x00, 0x00, 0x00, 0x00, 0x00, 0x00, 0x00, 0x00, 0x00, 0x00,
  0x00, 0x00, 0x00, 0x00, 0x00, 0x00, 0x00, 0x00, 0x00, 0x00, 0x00, 0x00, 0x00, 0x00, 0x00, 0x00,
  0x00, 0x00, 0x00, 0x00, 0x00, 0x00, 0x00, 0x00, 0x00, 0x00, 0x00, 0x00, 0x00, 0x00, 0x00, 0x00,
  0x00, 0x00, 0x00, 0x00, 0x00, 0x00, 0x00, 0x00, 0x00, 0x00, 0x00, 0x00, 0x00, 0x00, 0x00, 0x00,
  0x00, 0x00, 0x00, 0x00, 0x00, 0x00, 0x00, 0x00, 0x00, 0x00, 0x00, 0x00, 0x00, 0x00, 0x00, 0x00,
  0x00, 0x00, 0x00, 0x00, 0x00, 0x00, 0x00, 0x00, 0x00, 0x00, 0x00, 0x00, 0x00, 0x00, 0x00, 0x00,
  0x00, 0x00, 0x00, 0x00, 0x00, 0x00, 0x00, 0x00, 0x00, 0x00, 0x00, 0x00, 0x00, 0x00, 0x00, 0x00,
  0x00, 0x00, 0x00, 0x00, 0x00, 0x00, 0x00, 0x00, 0x00, 0x00, 0x00, 0x00, 0x00, 0x00, 0x00, 0x00,
  0x00, 0x00, 0x00, 0x00, 0x00, 0x00, 0x00, 0x00, 0x00, 0x00, 0x00, 0x70, 0x00, 0x00, 0x00, 0x00,
  0x00, 0x00, 0x00, 0x00, 0x00, 0x00, 0x00, 0x00, 0x00, 0x00, 0x03, 0xFF, 0x80, 0x00, 0x00, 0x00,
  0x00, 0x00, 0x00, 0x00, 0xFF, 0xC0, 0x00, 0x00, 0x00, 0x00, 0x1F, 0xFF, 0xE0, 0x00, 0x00, 0x00,
  0x00, 0x00, 0x00, 0x03, 0xFF, 0xF8, 0x00, 0x00, 0x00, 0x00, 0x7F, 0xFF, 0xF8, 0x00, 0x00, 0x00,
  0x00, 0x00, 0x00, 0x0F, 0xFF, 0xFE, 0x00, 0x00, 0x00, 0x01, 0xFF, 0xFF, 0xFC, 0x00, 0x00, 0x00,
  0x00, 0x00, 0x00, 0x1F, 0xFF, 0xFF, 0x80, 0x00, 0x00, 0x07, 0xFF, 0xFF, 0xFE, 0x00, 0x00, 0x00,
  0x00, 0x00, 0x00, 0x3F, 0xFF, 0xFF, 0xE0, 0x00, 0x00, 0x0F, 0xFF, 0xFF, 0xFF, 0x00, 0x00, 0x00,
  0x00, 0x00, 0x00, 0x7F, 0xFF, 0xFF, 0xF8, 0x00, 0x00, 0x1F, 0xFF, 0xFF, 0xFF, 0x80, 0x00, 0x00,
  0x00, 0x00, 0x00, 0xFF, 0xFF, 0xFF, 0xFC, 0x00, 0x00, 0x7F, 0xFF, 0xFF, 0xFF, 0xC0, 0x00, 0x00,
  0x00, 0x00, 0x01, 0xFF, 0xFF, 0xFF, 0xFE, 0x00, 0x00, 0xFF, 0xFF, 0xFF, 0xFF, 0xC0, 0x00, 0x00,
  0x00, 0x00, 0x03, 0xFF, 0xFF, 0xFF, 0xFF, 0x80, 0x01, 0xFF, 0xFF, 0xFF, 0xFF, 0xE0, 0x00, 0x00,
  0x00, 0x00, 0x03, 0xFF, 0xFF, 0xFF, 0xFF, 0xC0, 0x03, 0xFF, 0xFF, 0xFF, 0xFF, 0xE0, 0x00, 0x00,
  0x00, 0x00, 0x07, 0xFF, 0xFF, 0xFF, 0xFF, 0xE0, 0x07, 0xFF, 0xFF, 0xFF, 0xFF, 0xF0, 0x00, 0x00,
  0x00, 0x00, 0x07, 0xFF, 0xFF, 0xFF, 0xFF, 0xE0, 0x07, 0xFF, 0xFF, 0xFF, 0xFF, 0xF8, 0x00, 0x00,
  0x00, 0x00, 0x0F, 0xFF, 0xFF, 0xFF, 0xFF, 0xF0, 0x0F, 0xFF, 0xFF, 0xFF, 0xFF, 0xF8, 0x00, 0x00,
  0x00, 0x00, 0x0F, 0xFF, 0xFF, 0xFF, 0xFF, 0xF8, 0x0F, 0xFF, 0xFF, 0xFF, 0xFF, 0xFC, 0x00, 0x00,
  0x00, 0x00, 0x1F, 0xFF, 0xFF, 0xFF, 0xFF, 0xF8, 0x1F, 0xFF, 0xFF, 0xFF, 0xFF, 0xFC, 0x00, 0x00,
  0x00, 0x00, 0x1F, 0xFF, 0xFF, 0xFF, 0xFF, 0xFC, 0x1F, 0xFF, 0xFF, 0xFF, 0xFF, 0xFE, 0x00, 0x00,
  0x00, 0x00, 0x3F, 0xFF, 0xFF, 0xFF, 0xFF, 0xFC, 0x3F, 0xFF, 0xFF, 0xFF, 0xFF, 0xFE, 0x00, 0x00,
  0x00, 0x00, 0x3F, 0xFF, 0xFF, 0xFF, 0xFF, 0xFC, 0x3F, 0xFF, 0xFF, 0xFF, 0xFF, 0xFF, 0x00, 0x00,
  0x00, 0x00, 0x3F, 0xFF, 0xFF, 0xFF, 0xFF, 0xFE, 0x3F, 0xFF, 0xFF, 0xFF, 0xFF, 0xFF, 0x00, 0x00,
  0x00, 0x00, 0x7F, 0xFF, 0xFF, 0xFF, 0xFF, 0xFE, 0x3F, 0xFF, 0xFF, 0xFF, 0xFF, 0xFF, 0x00, 0x00,
  0x00, 0x00, 0x7F, 0xFF, 0xFF, 0xFF, 0xFF, 0xFE, 0x3F, 0xFF, 0xFF, 0xFF, 0xFF, 0xFF, 0x80, 0x00,
  0x00, 0x00, 0xFF, 0xFF, 0xFF, 0xFF, 0xFF, 0xFE, 0x3F, 0xFF, 0xFF, 0xFF, 0xFF, 0xFF, 0x80, 0x00,
  0x00, 0x00, 0xFF, 0xFF, 0xFF, 0xFF, 0xFF, 0xFE, 0x3F, 0xFF, 0xFF, 0xFF, 0xFF, 0xFF, 0xC0, 0x00,
  0x00, 0x00, 0xFF, 0xFF, 0xFF, 0xFF, 0xFF, 0xFE, 0x3F, 0xFF, 0xFF, 0xFF, 0xFF, 0xFF, 0xC0, 0x00,
  0x00, 0x01, 0xFF, 0xFF, 0xFF, 0xFF, 0xFF, 0xFE, 0x3F, 0xFF, 0xFF, 0xFF, 0xFF, 0xFF, 0xC0, 0x00,
  0x00, 0x01, 0xFF, 0xFF, 0xFF, 0xFF, 0xFF, 0xFC, 0x1F, 0xFF, 0xFF, 0xFF, 0xFF, 0xFF, 0xC0, 0x00,
  0x00, 0x01, 0xFF, 0xFF, 0xFF, 0xFF, 0xFF, 0xFC, 0x1F, 0xFF, 0xFF, 0xFF, 0xFF, 0xFF, 0xC0, 0x00,
  0x00, 0x01, 0xFF, 0xFF, 0xFF, 0xFF, 0xFF, 0xFC, 0x1F, 0xFF, 0xFF, 0xFF, 0xFF, 0xFF, 0x80, 0x00,
  0x00, 0x01, 0xFF, 0xFF, 0xFF, 0xFF, 0xFF, 0xF8, 0x0F, 0xFF, 0xFF, 0xFF, 0xFF, 0xFF, 0x80, 0x00,
  0x00, 0x01, 0xFF, 0xFF, 0xFF, 0xFF, 0xFF, 0xF8, 0x0F, 0xFF, 0xFF, 0xFF, 0xFF, 0xFF, 0x80, 0x00,
  0x00, 0x00, 0xFF, 0xFF, 0xFF, 0xFF, 0xFF, 0xF0, 0x07, 0xFF, 0xFF, 0xFF, 0xFF, 0xFF, 0x00, 0x00,
  0x00, 0x00, 0xFF, 0xFF, 0xFF, 0xFF, 0xFF, 0xF0, 0x03, 0xFF, 0xFF, 0xFF, 0xFF, 0xFF, 0x00, 0x00,
  0x00, 0x00, 0xFF, 0xFF, 0xFF, 0xFF, 0xFF, 0xE0, 0x03, 0xFF, 0xFF, 0xFF, 0xFF, 0xFE, 0x00, 0x00,
  0x00, 0x00, 0x7F, 0xFF, 0xFF, 0xFF, 0xFF, 0xC0, 0x01, 0xFF, 0xFF, 0xFF, 0xFF, 0xFC, 0x00, 0x00,
  0x00, 0x00, 0x7F, 0xFF, 0xFF, 0xFF, 0xFF, 0xC0, 0x00, 0xFF, 0xFF, 0xFF, 0xFF, 0xFC, 0x00, 0x00,
  0x00, 0x00, 0x3F, 0xFF, 0xFF, 0xFF, 0xFF, 0x80, 0x00, 0x7F, 0xFF, 0xFF, 0xFF, 0xF8, 0x00, 0x00,
  0x00, 0x00, 0x1F, 0xFF, 0xFF, 0xFF, 0xFF, 0x00, 0x00, 0x7F, 0xFF, 0xFF, 0xFF, 0xE0, 0x00, 0x00,
  0x00, 0x00, 0x0F, 0xFF, 0xFF, 0xFF, 0xFF, 0x00, 0x00, 0x3F, 0xFF, 0xFF, 0xFF, 0xC0, 0x00, 0x00,
  0x00, 0x00, 0x07, 0xFF, 0xFF, 0xFF, 0xFE, 0x00, 0x00, 0x1F, 0xFF, 0xFF, 0xFF, 0x80, 0x00, 0x00,
  0x00, 0x00, 0x03, 0xFF, 0xFF, 0xFF, 0xFC, 0x00, 0x00, 0x0F, 0xFF, 0xFF, 0xFE, 0x00, 0x00, 0x00,
  0x00, 0x00, 0x00, 0xFF, 0xFF, 0xFF, 0xF8, 0x00, 0x00, 0x07, 0xFF, 0xFF, 0xFC, 0x00, 0x00, 0x00,
  0x00, 0x00, 0x00, 0x7F, 0xFF, 0xFF, 0xF8, 0x00, 0x00, 0x03, 0xFF, 0xFF, 0xF0, 0x00, 0x00, 0x00,
  0x00, 0x00, 0x00, 0x1F, 0xFF, 0xFF, 0xF0, 0x00, 0x00, 0x01, 0xFF, 0xFF, 0xC0, 0x00, 0x00, 0x00,
  0x00, 0x00, 0x00, 0x0F, 0xFF, 0xFF, 0xE0, 0x00, 0x00, 0x00, 0xFF, 0xFF, 0x00, 0x00, 0x00, 0x00,
  0x00, 0x00, 0x00, 0x03, 0xFF, 0xFF, 0xC0, 0x00, 0x00, 0x00, 0x7F, 0xFC, 0x00, 0x00, 0x00, 0x00,
  0x00, 0x00, 0x00, 0x00, 0xFF, 0xFF, 0x80, 0x00, 0x00, 0x00, 0x0F, 0xE0, 0x00, 0x00, 0x00, 0x00,
  0x00, 0x00, 0x00, 0x00, 0x3F, 0xFE, 0x00, 0x00, 0x00, 0x00, 0x00, 0x00, 0x00, 0x00, 0x00, 0x00,
  0x00, 0x00, 0x00, 0x00, 0x07, 0xF8, 0x00, 0x00, 0x00, 0x00, 0x00, 0x00, 0x00, 0x00, 0x00, 0x00,
  0x00, 0x00, 0x00, 0x00, 0x00, 0x00, 0x00, 0x00, 0x00, 0x00, 0x00, 0x00, 0x00, 0x00, 0x00, 0x00,
  0x00, 0x00, 0x00, 0x00, 0x00, 0x00, 0x00, 0x00, 0x00, 0x00, 0x00, 0x00, 0x00, 0x00, 0x00, 0x00,
  0x00, 0x00, 0x00, 0x00, 0x00, 0x00, 0x00, 0x00, 0x00, 0x00, 0x00, 0x00, 0x00, 0x00, 0x00, 0x00,
  0x00, 0x00, 0x00, 0x00, 0x00, 0x00, 0x00, 0x00, 0x00, 0x00, 0x00, 0x00, 0x00, 0x00, 0x00, 0x00,
};

static const uint8_t PROGMEM wow_frame_03[1024] = {
  0x00, 0x00, 0x00, 0x00, 0x00, 0x00, 0x00, 0x00, 0x00, 0x00, 0x00, 0x00, 0x00, 0x00, 0x00, 0x00,
  0x00, 0x00, 0x00, 0x00, 0x00, 0x00, 0x00, 0x00, 0x00, 0x00, 0x00, 0x00, 0x00, 0x00, 0x00, 0x00,
  0x00, 0x00, 0x00, 0x00, 0x00, 0x00, 0x00, 0x00, 0x00, 0x00, 0x00, 0x00, 0x00, 0x00, 0x00, 0x00,
  0x00, 0x00, 0x00, 0x00, 0x00, 0x00, 0x00, 0x00, 0x00, 0x00, 0x00, 0x00, 0x00, 0x00, 0x00, 0x00,
  0x00, 0x00, 0x00, 0x00, 0x00, 0x00, 0x00, 0x00, 0x00, 0x00, 0x00, 0x00, 0x00, 0x00, 0x00, 0x00,
  0x00, 0x00, 0x00, 0x00, 0x00, 0x00, 0x00, 0x00, 0x00, 0x00, 0x00, 0x00, 0x00, 0x00, 0x00, 0x00,
  0x00, 0x00, 0x00, 0x00, 0x00, 0x00, 0x00, 0x00, 0x00, 0x00, 0x00, 0x00, 0x00, 0x00, 0x00, 0x00,
  0x00, 0x00, 0x00, 0x00, 0x00, 0x00, 0x00, 0x00, 0x00, 0x00, 0x00, 0x00, 0x00, 0x00, 0x00, 0x00,
  0x00, 0x00, 0x00, 0x00, 0x00, 0x00, 0x00, 0x00, 0x00, 0x00, 0x00, 0x00, 0x00, 0x00, 0x00, 0x00,
  0x00, 0x00, 0x00, 0x00, 0x00, 0x00, 0x00, 0x00, 0x00, 0x00, 0x00, 0x00, 0x00, 0x00, 0x00, 0x00,
  0x00, 0x00, 0x00, 0x00, 0x03, 0xE0, 0x00, 0x00, 0x00, 0x00, 0x03, 0xFC, 0x00, 0x00, 0x00, 0x00,
  0x00, 0x00, 0x00, 0x00, 0xFF, 0xFF, 0x80, 0x00, 0x00, 0x00, 0x7F, 0xFF, 0xC0, 0x00, 0x00, 0x00,
  0x00, 0x00, 0x00, 0x03, 0xFF, 0xFF, 0xF0, 0x00, 0x00, 0x03, 0xFF, 0xFF, 0xF0, 0x00, 0x00, 0x00,
  0x00, 0x00, 0x00, 0x0F, 0xFF, 0xFF, 0xF8, 0x00, 0x00, 0x07, 0xFF, 0xFF, 0xFC, 0x00, 0x00, 0x00,
  0x00, 0x00, 0x00, 0x1F, 0xFF, 0xFF, 0xFE, 0x00, 0x00, 0x1F, 0xFF, 0xFF, 0xFE, 0x00, 0x00, 0x00,
  0x00, 0x00, 0x00, 0x3F, 0xFF, 0xFF, 0xFF, 0x00, 0x00, 0x3F, 0xFF, 0xFF, 0xFF, 0x00, 0x00, 0x00,
  0x00, 0x00, 0x00, 0x7F, 0xFF, 0xFF, 0xFF, 0x80, 0x00, 0x7F, 0xFF, 0xFF, 0xFF, 0x80, 0x00, 0x00,
  0x00, 0x00, 0x00, 0xFF, 0xFF, 0xFF, 0xFF, 0xC0, 0x00, 0xFF, 0xFF, 0xFF, 0xFF, 0xC0, 0x00, 0x00,
  0x00, 0x00, 0x01, 0xFF, 0xFF, 0xFF, 0xFF, 0xC0, 0x01, 0xFF, 0xFF, 0xFF, 0xFF, 0xE0, 0x00, 0x00,
  0x00, 0x00, 0x03, 0xFF, 0xFF, 0xFF, 0xFF, 0xE0, 0x03, 0xFF, 0xFF, 0xFF, 0xFF, 0xF0, 0x00, 0x00,
  0x00, 0x00, 0x07, 0xFF, 0xFF, 0xFF, 0xFF, 0xF0, 0x03, 0xFF, 0xFF, 0xFF, 0xFF, 0xF0, 0x00, 0x00,
  0x00, 0x00, 0x07, 0xFF, 0xFF, 0xFF, 0xFF, 0xF0, 0x07, 0xFF, 0xFF, 0xFF, 0xFF, 0xF8, 0x00, 0x00,
  0x00, 0x00, 0x0F, 0xFF, 0xFF, 0xFF, 0xFF, 0xF8, 0x07, 0xFF, 0xFF, 0xFF, 0xFF, 0xF8, 0x00, 0x00,
  0x00, 0x00, 0x0F, 0xFF, 0xFF, 0xFF, 0xFF, 0xF8, 0x0F, 0xFF, 0xFF, 0xFF, 0xFF, 0xFC, 0x00, 0x00,
  0x00, 0x00, 0x0F, 0xFF, 0xFF, 0xFF, 0xFF, 0xFC, 0x0F, 0xFF, 0xFF, 0xFF, 0xFF, 0xFC, 0x00, 0x00,
  0x00, 0x00, 0x1F, 0xFF, 0xFF, 0xFF, 0xFF, 0xFC, 0x0F, 0xFF, 0xFF, 0xFF, 0xFF, 0xFC, 0x00, 0x00,
  0x00, 0x00, 0x1F, 0xFF, 0xFF, 0xFF, 0xFF, 0xFC, 0x0F, 0xFF, 0xFF, 0xFF, 0xFF, 0xFC, 0x00, 0x00,
  0x00, 0x00, 0x1F, 0xFF, 0xFF, 0xFF, 0xFF, 0xFC, 0x1F, 0xFF, 0xFF, 0xFF, 0xFF, 0xFE, 0x00, 0x00,
  0x00, 0x00, 0x1F, 0xFF, 0xFF, 0xFF, 0xFF, 0xFC, 0x1F, 0xFF, 0xFF, 0xFF, 0xFF, 0xFE, 0x00, 0x00,
  0x00, 0x00, 0x1F, 0xFF, 0xFF, 0xFF, 0xFF, 0xFE, 0x1F, 0xFF, 0xFF, 0xFF, 0xFF, 0xFE, 0x00, 0x00,
  0x00, 0x00, 0x1F, 0xFF, 0xFF, 0xFF, 0xFF, 0xFE, 0x1F, 0xFF, 0xFF, 0xFF, 0xFF, 0xFE, 0x00, 0x00,
  0x00, 0x00, 0x3F, 0xFF, 0xFF, 0xFF, 0xFF, 0xFE, 0x1F, 0xFF, 0xFF, 0xFF, 0xFF, 0xFE, 0x00, 0x00,
  0x00, 0x00, 0x3F, 0xFF, 0xFF, 0xFF, 0xFF, 0xFE, 0x1F, 0xFF, 0xFF, 0xFF, 0xFF, 0xFE, 0x00, 0x00,
  0x00, 0x00, 0x3F, 0xFF, 0xFF, 0xFF, 0xFF, 0xFE, 0x1F, 0xFF, 0xFF, 0xFF, 0xFF, 0xFE, 0x00, 0x00,
  0x00, 0x00, 0x3F, 0xFF, 0xFF, 0xFF, 0xFF, 0xFE, 0x1F, 0xFF, 0xFF, 0xFF, 0xFF, 0xFE, 0x00, 0x00,
  0x00, 0x00, 0x3F, 0xFF, 0xFF, 0xFF, 0xFF, 0xFE, 0x1F, 0xFF, 0xFF, 0xFF, 0xFF, 0xFE, 0x00, 0x00,
  0x00, 0x00, 0x1F, 0xFF, 0xFF, 0xFF, 0xFF, 0xFE, 0x1F, 0xFF, 0xFF, 0xFF, 0xFF, 0xFE, 0x00, 0x00,
  0x00, 0x00, 0x1F, 0xFF, 0xFF, 0xFF, 0xFF, 0xFE, 0x1F, 0xFF, 0xFF, 0xFF, 0xFF, 0xFE, 0x00, 0x00,
  0x00, 0x00, 0x1F, 0xFF, 0xFF, 0xFF, 0xFF, 0xFC, 0x1F, 0xFF, 0xFF, 0xFF, 0xFF, 0xFE, 0x00, 0x00,
  0x00, 0x00, 0x1F, 0xFF, 0xFF, 0xFF, 0xFF, 0xFC, 0x0F, 0xFF, 0xFF, 0xFF, 0xFF, 0xFE, 0x00, 0x00,
  0x00, 0x00, 0x1F, 0xFF, 0xFF, 0xFF, 0xFF, 0xFC, 0x0F, 0xFF, 0xFF, 0xFF, 0xFF, 0xFE, 0x00, 0x00,
  0x00, 0x00, 0x0F, 0xFF, 0xFF, 0xFF, 0xFF, 0xFC, 0x0F, 0xFF, 0xFF, 0xFF, 0xFF, 0xFC, 0x00, 0x00,
  0x00, 0x00, 0x0F, 0xFF, 0xFF, 0xFF, 0xFF, 0xFC, 0x07, 0xFF, 0xFF, 0xFF, 0xFF, 0xFC, 0x00, 0x00,
  0x00, 0x00, 0x0F, 0xFF, 0xFF, 0xFF, 0xFF, 0xF8, 0x07, 0xFF, 0xFF, 0xFF, 0xFF, 0xFC, 0x00, 0x00,
  0x00, 0x00, 0x07, 0xFF, 0xFF, 0xFF, 0xFF, 0xF8, 0x03, 0xFF, 0xFF, 0xFF, 0xFF, 0xF8, 0x00, 0x00,
  0x00, 0x00, 0x07, 0xFF, 0xFF, 0xFF, 0xFF, 0xF8, 0x03, 0xFF, 0xFF, 0xFF, 0xFF, 0xF8, 0x00, 0x00,
  0x00, 0x00, 0x03, 0xFF, 0xFF, 0xFF, 0xFF, 0xF0, 0x01, 0xFF, 0xFF, 0xFF, 0xFF, 0xF0, 0x00, 0x00,
  0x00, 0x00, 0x03, 0xFF, 0xFF, 0xFF, 0xFF, 0xF0, 0x01, 0xFF, 0xFF, 0xFF, 0xFF, 0xE0, 0x00, 0x00,
  0x00, 0x00, 0x01, 0xFF, 0xFF, 0xFF, 0xFF, 0xE0, 0x00, 0xFF, 0xFF, 0xFF, 0xFF, 0xE0, 0x00, 0x00,
  0x00, 0x00, 0x00, 0xFF, 0xFF, 0xFF, 0xFF, 0xE0, 0x00, 0x7F, 0xFF, 0xFF, 0xFF, 0xC0, 0x00, 0x00,
  0x00, 0x00, 0x00, 0xFF, 0xFF, 0xFF, 0xFF, 0xC0, 0x00, 0x3F, 0xFF, 0xFF, 0xFF, 0x80, 0x00, 0x00,
  0x00, 0x00, 0x00, 0x7F, 0xFF, 0xFF, 0xFF, 0x80, 0x00, 0x1F, 0xFF, 0xFF, 0xFE, 0x00, 0x00, 0x00,
  0x00, 0x00, 0x00, 0x3F, 0xFF, 0xFF, 0xFF, 0x00, 0x00, 0x07, 0xFF, 0xFF, 0xFC, 0x00, 0x00, 0x00,
  0x00, 0x00, 0x00, 0x0F, 0xFF, 0xFF, 0xFE, 0x00, 0x00, 0x01, 0xFF, 0xFF, 0xF0, 0x00, 0x00, 0x00,
  0x00, 0x00, 0x00, 0x03, 0xFF, 0xFF, 0xF8, 0x00, 0x00, 0x00, 0x3F, 0xFF, 0x80, 0x00, 0x00, 0x00,
  0x00, 0x00, 0x00, 0x00, 0x7F, 0xFF, 0xE0, 0x00, 0x00, 0x00, 0x00, 0x00, 0x00, 0x00, 0x00, 0x00,
  0x00, 0x00, 0x00, 0x00, 0x07, 0xFF, 0x00, 0x00, 0x00, 0x00, 0x00, 0x00, 0x00, 0x00, 0x00, 0x00,
  0x00, 0x00, 0x00, 0x00, 0x00, 0x00, 0x00, 0x00, 0x00, 0x00, 0x00, 0x00, 0x00, 0x00, 0x00, 0x00,
  0x00, 0x00, 0x00, 0x00, 0x00, 0x00, 0x00, 0x00, 0x00, 0x00, 0x00, 0x00, 0x00, 0x00, 0x00, 0x00,
  0x00, 0x00, 0x00, 0x00, 0x00, 0x00, 0x00, 0x00, 0x00, 0x00, 0x00, 0x00, 0x00, 0x00, 0x00, 0x00,
  0x00, 0x00, 0x00, 0x00, 0x00, 0x00, 0x00, 0x00, 0x00, 0x00, 0x00, 0x00, 0x00, 0x00, 0x00, 0x00,
  0x00, 0x00, 0x00, 0x00, 0x00, 0x00, 0x00, 0x00, 0x00, 0x00, 0x00, 0x00, 0x00, 0x00, 0x00, 0x00,
  0x00, 0x00, 0x00, 0x00, 0x00, 0x00, 0x00, 0x00, 0x00, 0x00, 0x00, 0x00, 0x00, 0x00, 0x00, 0x00,
  0x00, 0x00, 0x00, 0x00, 0x00, 0x00, 0x00, 0x00, 0x00, 0x00, 0x00, 0x00, 0x00, 0x00, 0x00, 0x00,
};

static const uint8_t PROGMEM wow_frame_04[1024] = {
  0x00, 0x00, 0x00, 0x00, 0x00, 0x00, 0x00, 0x00, 0x00, 0x00, 0x00, 0x00, 0x00, 0x00, 0x00, 0x00,
  0x00, 0x00, 0x00, 0x00, 0x00, 0x00, 0x00, 0x00, 0x00, 0x00, 0x00, 0x00, 0x00, 0x00, 0x00, 0x00,
  0x00, 0x00, 0x00, 0x00, 0x00, 0x00, 0x00, 0x00, 0x00, 0x00, 0x00, 0x00, 0x00, 0x00, 0x00, 0x00,
  0x00, 0x00, 0x00, 0x00, 0x00, 0x00, 0x00, 0x00, 0x00, 0x00, 0x00, 0x00, 0x00, 0x00, 0x00, 0x00,
  0x00, 0x00, 0x00, 0x00, 0x00, 0x00, 0x00, 0x00, 0x00, 0x00, 0x00, 0x00, 0x00, 0x00, 0x00, 0x00,
  0x00, 0x00, 0x00, 0x00, 0x00, 0x00, 0x00, 0x00, 0x00, 0x00, 0x00, 0x00, 0x00, 0x00, 0x00, 0x00,
  0x00, 0x00, 0x00, 0x00, 0x00, 0x00, 0x00, 0x00, 0x00, 0x00, 0x00, 0x00, 0x00, 0x00, 0x00, 0x00,
  0x00, 0x00, 0x00, 0x00, 0x00, 0x00, 0x00, 0x00, 0x00, 0x00, 0x00, 0x00, 0x00, 0x00, 0x00, 0x00,
  0x00, 0x00, 0x00, 0x00, 0x00, 0x00, 0x00, 0x00, 0x00, 0x00, 0x00, 0x00, 0x00, 0x00, 0x00, 0x00,
  0x00, 0x00, 0x00, 0x00, 0x00, 0x00, 0x00, 0x00, 0x00, 0x00, 0x00, 0x00, 0x00, 0x00, 0x00, 0x00,
  0x00, 0x00, 0x00, 0x00, 0x00, 0x00, 0x00, 0x00, 0x00, 0x00, 0x00, 0x00, 0x00, 0x00, 0x00, 0x00,
  0x00, 0x00, 0x00, 0x00, 0x3F, 0xFF, 0x00, 0x00, 0x00, 0x00, 0x3F, 0xFF, 0x00, 0x00, 0x00, 0x00,
  0x00, 0x00, 0x00, 0x01, 0xFF, 0xFF, 0xE0, 0x00, 0x00, 0x01, 0xFF, 0xFF, 0xE0, 0x00, 0x00, 0x00,
  0x00, 0x00, 0x00, 0x07, 0xFF, 0xFF, 0xF0, 0x00, 0x00, 0x03, 0xFF, 0xFF, 0xF8, 0x00, 0x00, 0x00,
  0x00, 0x00, 0x00, 0x0F, 0xFF, 0xFF, 0xFC, 0x00, 0x00, 0x0F, 0xFF, 0xFF, 0xFC, 0x00, 0x00, 0x00,
  0x00, 0x00, 0x00, 0x3F, 0xFF, 0xFF, 0xFE, 0x00, 0x00, 0x1F, 0xFF, 0xFF, 0xFF, 0x00, 0x00, 0x00,
  0x00, 0x00, 0x00, 0x7F, 0xFF, 0xFF, 0xFF, 0x00, 0x00, 0x3F, 0xFF, 0xFF, 0xFF, 0x80, 0x00, 0x00,
  0x00, 0x00, 0x00, 0xFF, 0xFF, 0xFF, 0xFF, 0x80, 0x00, 0x7F, 0xFF, 0xFF, 0xFF, 0xC0, 0x00, 0x00,
  0x00, 0x00, 0x01, 0xFF, 0xFF, 0xFF, 0xFF, 0xC0, 0x00, 0xFF, 0xFF, 0xFF, 0xFF, 0xC0, 0x00, 0x00,
  0x00, 0x00, 0x01, 0xFF, 0xFF, 0xFF, 0xFF, 0xC0, 0x01, 0xFF, 0xFF, 0xFF, 0xFF, 0xE0, 0x00, 0x00,
  0x00, 0x00, 0x03, 0xFF, 0xFF, 0xFF, 0xFF, 0xE0, 0x01, 0xFF, 0xFF, 0xFF, 0xFF, 0xF0, 0x00, 0x00,
  0x00, 0x00, 0x07, 0xFF, 0xFF, 0xFF, 0xFF, 0xF0, 0x03, 0xFF, 0xFF, 0xFF, 0xFF, 0xF0, 0x00, 0x00,
  0x00, 0x00, 0x07, 0xFF, 0xFF, 0xFF, 0xFF, 0xF0, 0x07, 0xFF, 0xFF, 0xFF, 0xFF, 0xF8, 0x00, 0x00,
  0x00, 0x00, 0x07, 0xFF, 0xFF, 0xFF, 0xFF, 0xF8, 0x07, 0xFF, 0xFF, 0xFF, 0xFF, 0xF8, 0x00, 0x00,
  0x00, 0x00, 0x0F, 0xFF, 0xFF, 0xFF, 0xFF, 0xF8, 0x07, 0xFF, 0xFF, 0xFF, 0xFF, 0xF8, 0x00, 0x00,
  0x00, 0x00, 0x0F, 0xFF, 0xFF, 0xFF, 0xFF, 0xF8, 0x07, 0xFF, 0xFF, 0xFF, 0xFF, 0xFC, 0x00, 0x00,
  0x00, 0x00, 0x0F, 0xFF, 0xFF, 0xFF, 0xFF, 0xF8, 0x0F, 0xFF, 0xFF, 0xFF, 0xFF, 0xFC, 0x00, 0x00,
  0x00, 0x00, 0x1F, 0xFF, 0xFF, 0xFF, 0xFF, 0xFC, 0x0F, 0xFF, 0xFF, 0xFF, 0xFF, 0xFC, 0x00, 0x00,
  0x00, 0x00, 0x1F, 0xFF, 0xFF, 0xFF, 0xFF, 0xFC, 0x0F, 0xFF, 0xFF, 0xFF, 0xFF, 0xFC, 0x00, 0x00,
  0x00, 0x00, 0x1F, 0xFF, 0xFF, 0xFF, 0xFF, 0xFC, 0x0F, 0xFF, 0xFF, 0xFF, 0xFF, 0xFC, 0x00, 0x00,
  0x00, 0x00, 0x1F, 0xFF, 0xFF, 0xFF, 0xFF, 0xFC, 0x0F, 0xFF, 0xFF, 0xFF, 0xFF, 0xFE, 0x00, 0x00,
  0x00, 0x00, 0x1F, 0xFF, 0xFF, 0xFF, 0xFF, 0xFC, 0x0F, 0xFF, 0xFF, 0xFF, 0xFF, 0xFE, 0x00, 0x00,
  0x00, 0x00, 0x1F, 0xFF, 0xFF, 0xFF, 0xFF, 0xFC, 0x1F, 0xFF, 0xFF, 0xFF, 0xFF, 0xFE, 0x00, 0x00,
  0x00, 0x00, 0x1F, 0xFF, 0xFF, 0xFF, 0xFF, 0xFC, 0x1F, 0xFF, 0xFF, 0xFF, 0xFF, 0xFE, 0x00, 0x00,
  0x00, 0x00, 0x1F, 0xFF, 0xFF, 0xFF, 0xFF, 0xFC, 0x1F, 0xFF, 0xFF, 0xFF, 0xFF, 0xFE, 0x00, 0x00,
  0x00, 0x00, 0x1F, 0xFF, 0xFF, 0xFF, 0xFF, 0xFC, 0x1F, 0xFF, 0xFF, 0xFF, 0xFF, 0xFE, 0x00, 0x00,
  0x00, 0x00, 0x1F, 0xFF, 0xFF, 0xFF, 0xFF, 0xFC, 0x0F, 0xFF, 0xFF, 0xFF, 0xFF, 0xFE, 0x00, 0x00,
  0x00, 0x00, 0x1F, 0xFF, 0xFF, 0xFF, 0xFF, 0xFC, 0x0F, 0xFF, 0xFF, 0xFF, 0xFF, 0xFE, 0x00, 0x00,
  0x00, 0x00, 0x1F, 0xFF, 0xFF, 0xFF, 0xFF, 0xFC, 0x0F, 0xFF, 0xFF, 0xFF, 0xFF, 0xFC, 0x00, 0x00,
  0x00, 0x00, 0x0F, 0xFF, 0xFF, 0xFF, 0xFF, 0xFC, 0x0F, 0xFF, 0xFF, 0xFF, 0xFF, 0xFC, 0x00, 0x00,
  0x00, 0x00, 0x0F, 0xFF, 0xFF, 0xFF, 0xFF, 0xFC, 0x07, 0xFF, 0xFF, 0xFF, 0xFF, 0xFC, 0x00, 0x00,
  0x00, 0x00, 0x0F, 0xFF, 0xFF, 0xFF, 0xFF, 0xF8, 0x07, 0xFF, 0xFF, 0xFF, 0xFF, 0xFC, 0x00, 0x00,
  0x00, 0x00, 0x07, 0xFF, 0xFF, 0xFF, 0xFF, 0xF8, 0x07, 0xFF, 0xFF, 0xFF, 0xFF, 0xF8, 0x00, 0x00,
  0x00, 0x00, 0x07, 0xFF, 0xFF, 0xFF, 0xFF, 0xF8, 0x03, 0xFF, 0xFF, 0xFF, 0xFF, 0xF8, 0x00, 0x00,
  0x00, 0x00, 0x03, 0xFF, 0xFF, 0xFF, 0xFF, 0xF0, 0x03, 0xFF, 0xFF, 0xFF, 0xFF, 0xF8, 0x00, 0x00,
  0x00, 0x00, 0x03, 0xFF, 0xFF, 0xFF, 0xFF, 0xF0, 0x01, 0xFF, 0xFF, 0xFF, 0xFF, 0xF0, 0x00, 0x00,
  0x00, 0x00, 0x01, 0xFF, 0xFF, 0xFF, 0xFF, 0xF0, 0x01, 0xFF, 0xFF, 0xFF, 0xFF, 0xE0, 0x00, 0x00,
  0x00, 0x00, 0x01, 0xFF, 0xFF, 0xFF, 0xFF, 0xE0, 0x00, 0xFF, 0xFF, 0xFF, 0xFF, 0xE0, 0x00, 0x00,
  0x00, 0x00, 0x00, 0xFF, 0xFF, 0xFF, 0xFF, 0xC0, 0x00, 0x7F, 0xFF, 0xFF, 0xFF, 0xC0, 0x00, 0x00,
  0x00, 0x00, 0x00, 0x7F, 0xFF, 0xFF, 0xFF, 0xC0, 0x00, 0x3F, 0xFF, 0xFF, 0xFF, 0x80, 0x00, 0x00,
  0x00, 0x00, 0x00, 0x3F, 0xFF, 0xFF, 0xFF, 0x80, 0x00, 0x1F, 0xFF, 0xFF, 0xFE, 0x00, 0x00, 0x00,
  0x00, 0x00, 0x00, 0x1F, 0xFF, 0xFF, 0xFF, 0x00, 0x00, 0x07, 0xFF, 0xFF, 0xFC, 0x00, 0x00, 0x00,
  0x00, 0x00, 0x00, 0x0F, 0xFF, 0xFF, 0xFE, 0x00, 0x00, 0x01, 0xFF, 0xFF, 0xF8, 0x00, 0x00, 0x00,
  0x00, 0x00, 0x00, 0x07, 0xFF, 0xFF, 0xF8, 0x00, 0x00, 0x00, 0x3F, 0xFF, 0xC0, 0x00, 0x00, 0x00,
  0x00, 0x00, 0x00, 0x00, 0xFF, 0xFF, 0xE0, 0x00, 0x00, 0x00, 0x01, 0xFC, 0x00, 0x00, 0x00, 0x00,
  0x00, 0x00, 0x00, 0x00, 0x0F, 0xFF, 0x00, 0x00, 0x00, 0x00, 0x00, 0x00, 0x00, 0x00, 0x00, 0x00,
  0x00, 0x00, 0x00, 0x00, 0x00, 0x00, 0x00, 0x00, 0x00, 0x00, 0x00, 0x00, 0x00, 0x00, 0x00, 0x00,
  0x00, 0x00, 0x00, 0x00, 0x00, 0x00, 0x00, 0x00, 0x00, 0x00, 0x00, 0x00, 0x00, 0x00, 0x00, 0x00,
  0x00, 0x00, 0x00, 0x00, 0x00, 0x00, 0x00, 0x00, 0x00, 0x00, 0x00, 0x00, 0x00, 0x00, 0x00, 0x00,
  0x00, 0x00, 0x00, 0x00, 0x00, 0x00, 0x00, 0x00, 0x00, 0x00, 0x00, 0x00, 0x00, 0x00, 0x00, 0x00,
  0x00, 0x00, 0x00, 0x00, 0x00, 0x00, 0x00, 0x00, 0x00, 0x00, 0x00, 0x00, 0x00, 0x00, 0x00, 0x00,
  0x00, 0x00, 0x00, 0x00, 0x00, 0x00, 0x00, 0x00, 0x00, 0x00, 0x00, 0x00, 0x00, 0x00, 0x00, 0x00,
  0x00, 0x00, 0x00, 0x00, 0x00, 0x00, 0x00, 0x00, 0x00, 0x00, 0x00, 0x00, 0x00, 0x00, 0x00, 0x00,
  0x00, 0x00, 0x00, 0x00, 0x00, 0x00, 0x00, 0x00, 0x00, 0x00, 0x00, 0x00, 0x00, 0x00, 0x00, 0x00,
};

static const uint8_t PROGMEM wow_frame_05[1024] = {
  0x00, 0x00, 0x00, 0x00, 0x00, 0x00, 0x00, 0x00, 0x00, 0x00, 0x00, 0x00, 0x00, 0x00, 0x00, 0x00,
  0x00, 0x00, 0x00, 0x00, 0x00, 0x00, 0x00, 0x00, 0x00, 0x00, 0x00, 0x00, 0x00, 0x00, 0x00, 0x00,
  0x00, 0x00, 0x00, 0x00, 0x00, 0x00, 0x00, 0x00, 0x00, 0x00, 0x00, 0x00, 0x00, 0x00, 0x00, 0x00,
  0x00, 0x00, 0x00, 0x00, 0x00, 0x00, 0x00, 0x00, 0x00, 0x00, 0x00, 0x00, 0x00, 0x00, 0x00, 0x00,
  0x00, 0x00, 0x00, 0x00, 0x00, 0x00, 0x00, 0x00, 0x00, 0x00, 0x00, 0x00, 0x00, 0x00, 0x00, 0x00,
  0x00, 0x00, 0x00, 0x00, 0x00, 0x00, 0x00, 0x00, 0x00, 0x00, 0x00, 0x00, 0x00, 0x00, 0x00, 0x00,
  0x00, 0x00, 0x00, 0x00, 0x00, 0x00, 0x00, 0x00, 0x00, 0x00, 0x00, 0x00, 0x00, 0x00, 0x00, 0x00,
  0x00, 0x00, 0x00, 0x00, 0x00, 0x00, 0x00, 0x00, 0x00, 0x00, 0x00, 0x00, 0x00, 0x00, 0x00, 0x00,
  0x00, 0x00, 0x00, 0x00, 0x00, 0x00, 0x00, 0x00, 0x00, 0x00, 0x00, 0x00, 0x00, 0x00, 0x00, 0x00,
  0x00, 0x00, 0x00, 0x00, 0x00, 0x00, 0x00, 0x00, 0x00, 0x00, 0x00, 0x00, 0x00, 0x00, 0x00, 0x00,
  0x00, 0x00, 0x00, 0x00, 0x00, 0x00, 0x00, 0x00, 0x00, 0x00, 0x00, 0x00, 0x00, 0x00, 0x00, 0x00,
  0x00, 0x00, 0x00, 0x00, 0x0F, 0xF8, 0x00, 0x00, 0x00, 0x00, 0x07, 0xFC, 0x00, 0x00, 0x00, 0x00,
  0x00, 0x00, 0x00, 0x00, 0xFF, 0xFF, 0x80, 0x00, 0x00, 0x00, 0x7F, 0xFF, 0xC0, 0x00, 0x00, 0x00,
  0x00, 0x00, 0x00, 0x03, 0xFF, 0xFF, 0xF0, 0x00, 0x00, 0x01, 0xFF, 0xFF, 0xF0, 0x00, 0x00, 0x00,
  0x00, 0x00, 0x00, 0x0F, 0xFF, 0xFF, 0xF8, 0x00, 0x00, 0x07, 0xFF, 0xFF, 0xFC, 0x00, 0x00, 0x00,
  0x00, 0x00, 0x00, 0x1F, 0xFF, 0xFF, 0xFC, 0x00, 0x00, 0x0F, 0xFF, 0xFF, 0xFE, 0x00, 0x00, 0x00,
  0x00, 0x00, 0x00, 0x3F, 0xFF, 0xFF, 0xFE, 0x00, 0x00, 0x3F, 0xFF, 0xFF, 0xFF, 0x00, 0x00, 0x00,
  0x00, 0x00, 0x00, 0x7F, 0xFF, 0xFF, 0xFF, 0x00, 0x00, 0x7F, 0xFF, 0xFF, 0xFF, 0x80, 0x00, 0x00,
  0x00, 0x00, 0x00, 0xFF, 0xFF, 0xFF, 0xFF, 0x80, 0x00, 0xFF, 0xFF, 0xFF, 0xFF, 0xC0, 0x00, 0x00,
  0x00, 0x00, 0x01, 0xFF, 0xFF, 0xFF, 0xFF, 0xC0, 0x00, 0xFF, 0xFF, 0xFF, 0xFF, 0xE0, 0x00, 0x00,
  0x00, 0x00, 0x03, 0xFF, 0xFF, 0xFF, 0xFF, 0xE0, 0x01, 0xFF, 0xFF, 0xFF, 0xFF, 0xE0, 0x00, 0x00,
  0x00, 0x00, 0x03, 0xFF, 0xFF, 0xFF, 0xFF, 0xE0, 0x03, 0xFF, 0xFF, 0xFF, 0xFF, 0xF0, 0x00, 0x00,
  0x00, 0x00, 0x07, 0xFF, 0xFF, 0xFF, 0xFF, 0xF0, 0x03, 0xFF, 0xFF, 0xFF, 0xFF, 0xF0, 0x00, 0x00,
  0x00, 0x00, 0x07, 0xFF, 0xFF, 0xFF, 0xFF, 0xF0, 0x03, 0xFF, 0xFF, 0xFF, 0xFF, 0xF8, 0x00, 0x00,
  0x00, 0x00, 0x07, 0xFF, 0xFF, 0xFF, 0xFF, 0xF0, 0x07, 0xFF, 0xFF, 0xFF, 0xFF, 0xF8, 0x00, 0x00,
  0x00, 0x00, 0x0F, 0xFF, 0xFF, 0xFF, 0xFF, 0xF8, 0x07, 0xFF, 0xFF, 0xFF, 0xFF, 0xF8, 0x00, 0x00,
  0x00, 0x00, 0x0F, 0xFF, 0xFF, 0xFF, 0xFF, 0xF8, 0x07, 0xFF, 0xFF, 0xFF, 0xFF, 0xFC, 0x00, 0x00,
  0x00, 0x00, 0x0F, 0xFF, 0xFF, 0xFF, 0xFF, 0xF8, 0x0F, 0xFF, 0xFF, 0xFF, 0xFF, 0xFC, 0x00, 0x00,
  0x00, 0x00, 0x0F, 0xFF, 0xFF, 0xFF, 0xFF, 0xF8, 0x0F, 0xFF, 0xFF, 0xFF, 0xFF, 0xFC, 0x00, 0x00,
  0x00, 0x00, 0x1F, 0xFF, 0xFF, 0xFF, 0xFF, 0xF8, 0x0F, 0xFF, 0xFF, 0xFF, 0xFF, 0xFC, 0x00, 0x00,
  0x00, 0x00, 0x1F, 0xFF, 0xFF, 0xFF, 0xFF, 0xFC, 0x0F, 0xFF, 0xFF, 0xFF, 0xFF, 0xFC, 0x00, 0x00,
  0x00, 0x00, 0x1F, 0xFF, 0xFF, 0xFF, 0xFF, 0xFC, 0x0F, 0xFF, 0xFF, 0xFF, 0xFF, 0xFC, 0x00, 0x00,
  0x00, 0x00, 0x1F, 0xFF, 0xFF, 0xFF, 0xFF, 0xFC, 0x0F, 0xFF, 0xFF, 0xFF, 0xFF, 0xFC, 0x00, 0x00,
  0x00, 0x00, 0x1F, 0xFF, 0xFF, 0xFF, 0xFF, 0xFC, 0x0F, 0xFF, 0xFF, 0xFF, 0xFF, 0xFC, 0x00, 0x00,
  0x00, 0x00, 0x1F, 0xFF, 0xFF, 0xFF, 0xFF, 0xFC, 0x0F, 0xFF, 0xFF, 0xFF, 0xFF, 0xFC, 0x00, 0x00,
  0x00, 0x00, 0x1F, 0xFF, 0xFF, 0xFF, 0xFF, 0xFC, 0x0F, 0xFF, 0xFF, 0xFF, 0xFF, 0xFC, 0x00, 0x00,
  0x00, 0x00, 0x1F, 0xFF, 0xFF, 0xFF, 0xFF, 0xFC, 0x0F, 0xFF, 0xFF, 0xFF, 0xFF, 0xFC, 0x00, 0x00,
  0x00, 0x00, 0x1F, 0xFF, 0xFF, 0xFF, 0xFF, 0xFC, 0x0F, 0xFF, 0xFF, 0xFF, 0xFF, 0xFC, 0x00, 0x00,
  0x00, 0x00, 0x0F, 0xFF, 0xFF, 0xFF, 0xFF, 0xFC, 0x0F, 0xFF, 0xFF, 0xFF, 0xFF, 0xFC, 0x00, 0x00,
  0x00, 0x00, 0x0F, 0xFF, 0xFF, 0xFF, 0xFF, 0xF8, 0x07, 0xFF, 0xFF, 0xFF, 0xFF, 0xFC, 0x00, 0x00,
  0x00, 0x00, 0x0F, 0xFF, 0xFF, 0xFF, 0xFF, 0xF8, 0x07, 0xFF, 0xFF, 0xFF, 0xFF, 0xFC, 0x00, 0x00,
  0x00, 0x00, 0x07, 0xFF, 0xFF, 0xFF, 0xFF, 0xF8, 0x07, 0xFF, 0xFF, 0xFF, 0xFF, 0xF8, 0x00, 0x00,
  0x00, 0x00, 0x07, 0xFF, 0xFF, 0xFF, 0xFF, 0xF8, 0x03, 0xFF, 0xFF, 0xFF, 0xFF, 0xF8, 0x00, 0x00,
  0x00, 0x00, 0x07, 0xFF, 0xFF, 0xFF, 0xFF, 0xF0, 0x03, 0xFF, 0xFF, 0xFF, 0xFF, 0xF8, 0x00, 0x00,
  0x00, 0x00, 0x03, 0xFF, 0xFF, 0xFF, 0xFF, 0xF0, 0x01, 0xFF, 0xFF, 0xFF, 0xFF, 0xF0, 0x00, 0x00,
  0x00, 0x00, 0x03, 0xFF, 0xFF, 0xFF, 0xFF, 0xF0, 0x01, 0xFF, 0xFF, 0xFF, 0xFF, 0xF0, 0x00, 0x00,
  0x00, 0x00, 0x01, 0xFF, 0xFF, 0xFF, 0xFF, 0xE0, 0x00, 0xFF, 0xFF, 0xFF, 0xFF, 0xE0, 0x00, 0x00,
  0x00, 0x00, 0x00, 0xFF, 0xFF, 0xFF, 0xFF, 0xC0, 0x00, 0x7F, 0xFF, 0xFF, 0xFF, 0xC0, 0x00, 0x00,
  0x00, 0x00, 0x00, 0x7F, 0xFF, 0xFF, 0xFF, 0xC0, 0x00, 0x3F, 0xFF, 0xFF, 0xFF, 0x80, 0x00, 0x00,
  0x00, 0x00, 0x00, 0x7F, 0xFF, 0xFF, 0xFF, 0x80, 0x00, 0x1F, 0xFF, 0xFF, 0xFF, 0x00, 0x00, 0x00,
  0x00, 0x00, 0x00, 0x3F, 0xFF, 0xFF, 0xFF, 0x00, 0x00, 0x0F, 0xFF, 0xFF, 0xFE, 0x00, 0x00, 0x00,
  0x00, 0x00, 0x00, 0x1F, 0xFF, 0xFF, 0xFE, 0x00, 0x00, 0x03, 0xFF, 0xFF, 0xFC, 0x00, 0x00, 0x00,
  0x00, 0x00, 0x00, 0x0F, 0xFF, 0xFF, 0xFC, 0x00, 0x00, 0x00, 0xFF, 0xFF, 0xF0, 0x00, 0x00, 0x00,
  0x00, 0x00, 0x00, 0x03, 0xFF, 0xFF, 0xF8, 0x00, 0x00, 0x00, 0x1F, 0xFF, 0x80, 0x00, 0x00, 0x00,
  0x00, 0x00, 0x00, 0x00, 0x7F, 0xFF, 0xC0, 0x00, 0x00, 0x00, 0x00, 0x00, 0x00, 0x00, 0x00, 0x00,
  0x00, 0x00, 0x00, 0x00, 0x03, 0xFC, 0x00, 0x00, 0x00, 0x00, 0x00, 0x00, 0x00, 0x00, 0x00, 0x00,
  0x00, 0x00, 0x00, 0x00, 0x00, 0x00, 0x00, 0x00, 0x00, 0x00, 0x00, 0x00, 0x00, 0x00, 0x00, 0x00,
  0x00, 0x00, 0x00, 0x00, 0x00, 0x00, 0x00, 0x00, 0x00, 0x00, 0x00, 0x00, 0x00, 0x00, 0x00, 0x00,
  0x00, 0x00, 0x00, 0x00, 0x00, 0x00, 0x00, 0x00, 0x00, 0x00, 0x00, 0x00, 0x00, 0x00, 0x00, 0x00,
  0x00, 0x00, 0x00, 0x00, 0x00, 0x00, 0x00, 0x00, 0x00, 0x00, 0x00, 0x00, 0x00, 0x00, 0x00, 0x00,
  0x00, 0x00, 0x00, 0x00, 0x00, 0x00, 0x00, 0x00, 0x00, 0x00, 0x00, 0x00, 0x00, 0x00, 0x00, 0x00,
  0x00, 0x00, 0x00, 0x00, 0x00, 0x00, 0x00, 0x00, 0x00, 0x00, 0x00, 0x00, 0x00, 0x00, 0x00, 0x00,
  0x00, 0x00, 0x00, 0x00, 0x00, 0x00, 0x00, 0x00, 0x00, 0x00, 0x00, 0x00, 0x00, 0x00, 0x00, 0x00,
  0x00, 0x00, 0x00, 0x00, 0x00, 0x00, 0x00, 0x00, 0x00, 0x00, 0x00, 0x00, 0x00, 0x00, 0x00, 0x00,
};

static const uint8_t PROGMEM wow_frame_06[1024] = {
  0x00, 0x00, 0x00, 0x00, 0x00, 0x00, 0x00, 0x00, 0x00, 0x00, 0x00, 0x00, 0x00, 0x00, 0x00, 0x00,
  0x00, 0x00, 0x00, 0x00, 0x00, 0x00, 0x00, 0x00, 0x00, 0x00, 0x00, 0x00, 0x00, 0x00, 0x00, 0x00,
  0x00, 0x00, 0x00, 0x00, 0x00, 0x00, 0x00, 0x00, 0x00, 0x00, 0x00, 0x00, 0x00, 0x00, 0x00, 0x00,
  0x00, 0x00, 0x00, 0x00, 0x00, 0x00, 0x00, 0x00, 0x00, 0x00, 0x00, 0x00, 0x00, 0x00, 0x00, 0x00,
  0x00, 0x00, 0x00, 0x00, 0x00, 0x00, 0x00, 0x00, 0x00, 0x00, 0x00, 0x00, 0x00, 0x00, 0x00, 0x00,
  0x00, 0x00, 0x00, 0x00, 0x00, 0x00, 0x00, 0x00, 0x00, 0x00, 0x00, 0x00, 0x00, 0x00, 0x00, 0x00,
  0x00, 0x00, 0x00, 0x00, 0x00, 0x00, 0x00, 0x00, 0x00, 0x00, 0x00, 0x00, 0x00, 0x00, 0x00, 0x00,
  0x00, 0x00, 0x00, 0x00, 0x00, 0x00, 0x00, 0x00, 0x00, 0x00, 0x00, 0x00, 0x00, 0x00, 0x00, 0x00,
  0x00, 0x00, 0x00, 0x00, 0x00, 0x00, 0x00, 0x00, 0x00, 0x00, 0x00, 0x00, 0x00, 0x00, 0x00, 0x00,
  0x00, 0x00, 0x00, 0x00, 0x00, 0x00, 0x00, 0x00, 0x00, 0x00, 0x00, 0x00, 0x00, 0x00, 0x00, 0x00,
  0x00, 0x00, 0x00, 0x00, 0x00, 0x00, 0x00, 0x00, 0x00, 0x00, 0x00, 0x00, 0x00, 0x00, 0x00, 0x00,
  0x00, 0x00, 0x00, 0x00, 0x07, 0xF8, 0x00, 0x00, 0x00, 0x00, 0x07, 0xFC, 0x00, 0x00, 0x00, 0x00,
  0x00, 0x00, 0x00, 0x00, 0xFF, 0xFF, 0x80, 0x00, 0x00, 0x00, 0x7F, 0xFF, 0xC0, 0x00, 0x00, 0x00,
  0x00, 0x00, 0x00, 0x03, 0xFF, 0xFF, 0xE0, 0x00, 0x00, 0x01, 0xFF, 0xFF, 0xF0, 0x00, 0x00, 0x00,
  0x00, 0x00, 0x00, 0x0F, 0xFF, 0xFF, 0xF8, 0x00, 0x00, 0x07, 0xFF, 0xFF, 0xFC, 0x00, 0x00, 0x00,
  0x00, 0x00, 0x00, 0x1F, 0xFF, 0xFF, 0xFC, 0x00, 0x00, 0x0F, 0xFF, 0xFF, 0xFE, 0x00, 0x00, 0x00,
  0x00, 0x00, 0x00, 0x3F, 0xFF, 0xFF, 0xFE, 0x00, 0x00, 0x1F, 0xFF, 0xFF, 0xFF, 0x00, 0x00, 0x00,
  0x00, 0x00, 0x00, 0x7F, 0xFF, 0xFF, 0xFF, 0x00, 0x00, 0x7F, 0xFF, 0xFF, 0xFF, 0x80, 0x00, 0x00,
  0x00, 0x00, 0x00, 0xFF, 0xFF, 0xFF, 0xFF, 0x80, 0x00, 0x7F, 0xFF, 0xFF, 0xFF, 0xC0, 0x00, 0x00,
  0x00, 0x00, 0x01, 0xFF, 0xFF, 0xFF, 0xFF, 0xC0, 0x00, 0xFF, 0xFF, 0xFF, 0xFF, 0xE0, 0x00, 0x00,
  0x00, 0x00, 0x03, 0xFF, 0xFF, 0xFF, 0xFF, 0xC0, 0x01, 0xFF, 0xFF, 0xFF, 0xFF, 0xE0, 0x00, 0x00,
  0x00, 0x00, 0x03, 0xFF, 0xFF, 0xFF, 0xFF, 0xE0, 0x01, 0xFF, 0xFF, 0xFF, 0xFF, 0xF0, 0x00, 0x00,
  0x00, 0x00, 0x07, 0xFF, 0xFF, 0xFF, 0xFF, 0xF0, 0x03, 0xFF, 0xFF, 0xFF, 0xFF, 0xF0, 0x00, 0x00,
  0x00, 0x00, 0x07, 0xFF, 0xFF, 0xFF, 0xFF, 0xF0, 0x03, 0xFF, 0xFF, 0xFF, 0xFF, 0xF8, 0x00, 0x00,
  0x00, 0x00, 0x07, 0xFF, 0xFF, 0xFF, 0xFF, 0xF0, 0x07, 0xFF, 0xFF, 0xFF, 0xFF, 0xF8, 0x00, 0x00,
  0x00, 0x00, 0x0F, 0xFF, 0xFF, 0xFF, 0xFF, 0xF8, 0x07, 0xFF, 0xFF, 0xFF, 0xFF, 0xF8, 0x00, 0x00,
  0x00, 0x00, 0x0F, 0xFF, 0xFF, 0xFF, 0xFF, 0xF8, 0x07, 0xFF, 0xFF, 0xFF, 0xFF, 0xFC, 0x00, 0x00,
  0x00, 0x00, 0x0F, 0xFF, 0xFF, 0xFF, 0xFF, 0xF8, 0x07, 0xFF, 0xFF, 0xFF, 0xFF, 0xFC, 0x00, 0x00,
  0x00, 0x00, 0x0F, 0xFF, 0xFF, 0xFF, 0xFF, 0xF8, 0x0F, 0xFF, 0xFF, 0xFF, 0xFF, 0xFC, 0x00, 0x00,
  0x00, 0x00, 0x0F, 0xFF, 0xFF, 0xFF, 0xFF, 0xF8, 0x0F, 0xFF, 0xFF, 0xFF, 0xFF, 0xFC, 0x00, 0x00,
  0x00, 0x00, 0x1F, 0xFF, 0xFF, 0xFF, 0xFF, 0xF8, 0x0F, 0xFF, 0xFF, 0xFF, 0xFF, 0xFC, 0x00, 0x00,
  0x00, 0x00, 0x1F, 0xFF, 0xFF, 0xFF, 0xFF, 0xFC, 0x0F, 0xFF, 0xFF, 0xFF, 0xFF, 0xFC, 0x00, 0x00,
  0x00, 0x00, 0x1F, 0xFF, 0xFF, 0xFF, 0xFF, 0xFC, 0x0F, 0xFF, 0xFF, 0xFF, 0xFF, 0xFC, 0x00, 0x00,
  0x00, 0x00, 0x1F, 0xFF, 0xFF, 0xFF, 0xFF, 0xFC, 0x0F, 0xFF, 0xFF, 0xFF, 0xFF, 0xFC, 0x00, 0x00,
  0x00, 0x00, 0x1F, 0xFF, 0xFF, 0xFF, 0xFF, 0xFC, 0x0F, 0xFF, 0xFF, 0xFF, 0xFF, 0xFC, 0x00, 0x00,
  0x00, 0x00, 0x1F, 0xFF, 0xFF, 0xFF, 0xFF, 0xFC, 0x0F, 0xFF, 0xFF, 0xFF, 0xFF, 0xFC, 0x00, 0x00,
  0x00, 0x00, 0x1F, 0xFF, 0xFF, 0xFF, 0xFF, 0xFC, 0x0F, 0xFF, 0xFF, 0xFF, 0xFF, 0xFC, 0x00, 0x00,
  0x00, 0x00, 0x0F, 0xFF, 0xFF, 0xFF, 0xFF, 0xFC, 0x0F, 0xFF, 0xFF, 0xFF, 0xFF, 0xFC, 0x00, 0x00,
  0x00, 0x00, 0x0F, 0xFF, 0xFF, 0xFF, 0xFF, 0xF8, 0x07, 0xFF, 0xFF, 0xFF, 0xFF, 0xFC, 0x00, 0x00,
  0x00, 0x00, 0x0F, 0xFF, 0xFF, 0xFF, 0xFF, 0xF8, 0x07, 0xFF, 0xFF, 0xFF, 0xFF, 0xFC, 0x00, 0x00,
  0x00, 0x00, 0x0F, 0xFF, 0xFF, 0xFF, 0xFF, 0xF8, 0x07, 0xFF, 0xFF, 0xFF, 0xFF, 0xFC, 0x00, 0x00,
  0x00, 0x00, 0x07, 0xFF, 0xFF, 0xFF, 0xFF, 0xF8, 0x07, 0xFF, 0xFF, 0xFF, 0xFF, 0xF8, 0x00, 0x00,
  0x00, 0x00, 0x07, 0xFF, 0xFF, 0xFF, 0xFF, 0xF8, 0x03, 0xFF, 0xFF, 0xFF, 0xFF, 0xF8, 0x00, 0x00,
  0x00, 0x00, 0x07, 0xFF, 0xFF, 0xFF, 0xFF, 0xF0, 0x03, 0xFF, 0xFF, 0xFF, 0xFF, 0xF0, 0x00, 0x00,
  0x00, 0x00, 0x03, 0xFF, 0xFF, 0xFF, 0xFF, 0xF0, 0x01, 0xFF, 0xFF, 0xFF, 0xFF, 0xF0, 0x00, 0x00,
  0x00, 0x00, 0x01, 0xFF, 0xFF, 0xFF, 0xFF, 0xE0, 0x01, 0xFF, 0xFF, 0xFF, 0xFF, 0xF0, 0x00, 0x00,
  0x00, 0x00, 0x01, 0xFF, 0xFF, 0xFF, 0xFF, 0xE0, 0x00, 0xFF, 0xFF, 0xFF, 0xFF, 0xE0, 0x00, 0x00,
  0x00, 0x00, 0x00, 0xFF, 0xFF, 0xFF, 0xFF, 0xC0, 0x00, 0x7F, 0xFF, 0xFF, 0xFF, 0xC0, 0x00, 0x00,
  0x00, 0x00, 0x00, 0x7F, 0xFF, 0xFF, 0xFF, 0xC0, 0x00, 0x3F, 0xFF, 0xFF, 0xFF, 0x80, 0x00, 0x00,
  0x00, 0x00, 0x00, 0x7F, 0xFF, 0xFF, 0xFF, 0x80, 0x00, 0x1F, 0xFF, 0xFF, 0xFF, 0x00, 0x00, 0x00,
  0x00, 0x00, 0x00, 0x3F, 0xFF, 0xFF, 0xFF, 0x00, 0x00, 0x0F, 0xFF, 0xFF, 0xFE, 0x00, 0x00, 0x00,
  0x00, 0x00, 0x00, 0x1F, 0xFF, 0xFF, 0xFE, 0x00, 0x00, 0x03, 0xFF, 0xFF, 0xFC, 0x00, 0x00, 0x00,
  0x00, 0x00, 0x00, 0x0F, 0xFF, 0xFF, 0xFC, 0x00, 0x00, 0x00, 0xFF, 0xFF, 0xF0, 0x00, 0x00, 0x00,
  0x00, 0x00, 0x00, 0x03, 0xFF, 0xFF, 0xF0, 0x00, 0x00, 0x00, 0x1F, 0xFF, 0x80, 0x00, 0x00, 0x00,
  0x00, 0x00, 0x00, 0x00, 0x7F, 0xFF, 0xC0, 0x00, 0x00, 0x00, 0x00, 0x00, 0x00, 0x00, 0x00, 0x00,
  0x00, 0x00, 0x00, 0x00, 0x03, 0xFC, 0x00, 0x00, 0x00, 0x00, 0x00, 0x00, 0x00, 0x00, 0x00, 0x00,
  0x00, 0x00, 0x00, 0x00, 0x00, 0x00, 0x00, 0x00, 0x00, 0x00, 0x00, 0x00, 0x00, 0x00, 0x00, 0x00,
  0x00, 0x00, 0x00, 0x00, 0x00, 0x00, 0x00, 0x00, 0x00, 0x00, 0x00, 0x00, 0x00, 0x00, 0x00, 0x00,
  0x00, 0x00, 0x00, 0x00, 0x00, 0x00, 0x00, 0x00, 0x00, 0x00, 0x00, 0x00, 0x00, 0x00, 0x00, 0x00,
  0x00, 0x00, 0x00, 0x00, 0x00, 0x00, 0x00, 0x00, 0x00, 0x00, 0x00, 0x00, 0x00, 0x00, 0x00, 0x00,
  0x00, 0x00, 0x00, 0x00, 0x00, 0x00, 0x00, 0x00, 0x00, 0x00, 0x00, 0x00, 0x00, 0x00, 0x00, 0x00,
  0x00, 0x00, 0x00, 0x00, 0x00, 0x00, 0x00, 0x00, 0x00, 0x00, 0x00, 0x00, 0x00, 0x00, 0x00, 0x00,
  0x00, 0x00, 0x00, 0x00, 0x00, 0x00, 0x00, 0x00, 0x00, 0x00, 0x00, 0x00, 0x00, 0x00, 0x00, 0x00,
  0x00, 0x00, 0x00, 0x00, 0x00, 0x00, 0x00, 0x00, 0x00, 0x00, 0x00, 0x00, 0x00, 0x00, 0x00, 0x00,
};

static const uint8_t PROGMEM wow_frame_07[1024] = {
  0x00, 0x00, 0x00, 0x00, 0x00, 0x00, 0x00, 0x00, 0x00, 0x00, 0x00, 0x00, 0x00, 0x00, 0x00, 0x00,
  0x00, 0x00, 0x00, 0x00, 0x00, 0x00, 0x00, 0x00, 0x00, 0x00, 0x00, 0x00, 0x00, 0x00, 0x00, 0x00,
  0x00, 0x00, 0x00, 0x00, 0x00, 0x00, 0x00, 0x00, 0x00, 0x00, 0x00, 0x00, 0x00, 0x00, 0x00, 0x00,
  0x00, 0x00, 0x00, 0x00, 0x00, 0x00, 0x00, 0x00, 0x00, 0x00, 0x00, 0x00, 0x00, 0x00, 0x00, 0x00,
  0x00, 0x00, 0x00, 0x00, 0x00, 0x00, 0x00, 0x00, 0x00, 0x00, 0x00, 0x00, 0x00, 0x00, 0x00, 0x00,
  0x00, 0x00, 0x00, 0x00, 0x00, 0x00, 0x00, 0x00, 0x00, 0x00, 0x00, 0x00, 0x00, 0x00, 0x00, 0x00,
  0x00, 0x00, 0x00, 0x00, 0x00, 0x00, 0x00, 0x00, 0x00, 0x00, 0x00, 0x00, 0x00, 0x00, 0x00, 0x00,
  0x00, 0x00, 0x00, 0x00, 0x00, 0x00, 0x00, 0x00, 0x00, 0x00, 0x00, 0x00, 0x00, 0x00, 0x00, 0x00,
  0x00, 0x00, 0x00, 0x00, 0x00, 0x00, 0x00, 0x00, 0x00, 0x00, 0x00, 0x00, 0x00, 0x00, 0x00, 0x00,
  0x00, 0x00, 0x00, 0x00, 0x00, 0x00, 0x00, 0x00, 0x00, 0x00, 0x00, 0x60, 0x00, 0x00, 0x00, 0x00,
  0x00, 0x00, 0x00, 0x00, 0x7F, 0xFF, 0x80, 0x00, 0x00, 0x00, 0x7F, 0xFF, 0xC0, 0x00, 0x00, 0x00,
  0x00, 0x00, 0x00, 0x03, 0xFF, 0xFF, 0xF0, 0x00, 0x00, 0x03, 0xFF, 0xFF, 0xF0, 0x00, 0x00, 0x00,
  0x00, 0x00, 0x00, 0x07, 0xFF, 0xFF, 0xFC, 0x00, 0x00, 0x07, 0xFF, 0xFF, 0xFC, 0x00, 0x00, 0x00,
  0x00, 0x00, 0x00, 0x1F, 0xFF, 0xFF, 0xFE, 0x00, 0x00, 0x1F, 0xFF, 0xFF, 0xFE, 0x00, 0x00, 0x00,
  0x00, 0x00, 0x00, 0x3F, 0xFF, 0xFF, 0xFF, 0x00, 0x00, 0x3F, 0xFF, 0xFF, 0xFF, 0x00, 0x00, 0x00,
  0x00, 0x00, 0x00, 0x7F, 0xFF, 0xFF, 0xFF, 0x80, 0x00, 0x7F, 0xFF, 0xFF, 0xFF, 0x80, 0x00, 0x00,
  0x00, 0x00, 0x00, 0xFF, 0xFF, 0xFF, 0xFF, 0xC0, 0x00, 0xFF, 0xFF, 0xFF, 0xFF, 0xC0, 0x00, 0x00,
  0x00, 0x00, 0x01, 0xFF, 0xFF, 0xFF, 0xFF, 0xE0, 0x01, 0xFF, 0xFF, 0xFF, 0xFF, 0xE0, 0x00, 0x00,
  0x00, 0x00, 0x03, 0xFF, 0xFF, 0xFF, 0xFF, 0xF0, 0x03, 0xFF, 0xFF, 0xFF, 0xFF, 0xF0, 0x00, 0x00,
  0x00, 0x00, 0x07, 0xFF, 0xFF, 0xFF, 0xFF, 0xF0, 0x03, 0xFF, 0xFF, 0xFF, 0xFF, 0xF0, 0x00, 0x00,
  0x00, 0x00, 0x07, 0xFF, 0xFF, 0xFF, 0xFF, 0xF8, 0x07, 0xFF, 0xFF, 0xFF, 0xFF, 0xF8, 0x00, 0x00,
  0x00, 0x00, 0x0F, 0xFF, 0xFF, 0xFF, 0xFF, 0xF8, 0x0F, 0xFF, 0xFF, 0xFF, 0xFF, 0xF8, 0x00, 0x00,
  0x00, 0x00, 0x0F, 0xFF, 0xFF, 0xFF, 0xFF, 0xFC, 0x0F, 0xFF, 0xFF, 0xFF, 0xFF, 0xFC, 0x00, 0x00,
  0x00, 0x00, 0x0F, 0xFF, 0xFF, 0xFF, 0xFF, 0xFC, 0x0F, 0xFF, 0xFF, 0xFF, 0xFF, 0xFC, 0x00, 0x00,
  0x00, 0x00, 0x1F, 0xFF, 0xFF, 0xFF, 0xFF, 0xFC, 0x1F, 0xFF, 0xFF, 0xFF, 0xFF, 0xFE, 0x00, 0x00,
  0x00, 0x00, 0x1F, 0xFF, 0xFF, 0xFF, 0xFF, 0xFE, 0x1F, 0xFF, 0xFF, 0xFF, 0xFF, 0xFE, 0x00, 0x00,
  0x00, 0x00, 0x1F, 0xFF, 0xFF, 0xFF, 0xFF, 0xFE, 0x1F, 0xFF, 0xFF, 0xFF, 0xFF, 0xFE, 0x00, 0x00,
  0x00, 0x00, 0x1F, 0xFF, 0xFF, 0xFF, 0xFF, 0xFE, 0x1F, 0xFF, 0xFF, 0xFF, 0xFF, 0xFE, 0x00, 0x00,
  0x00, 0x00, 0x3F, 0xFF, 0xFF, 0xFF, 0xFF, 0xFE, 0x1F, 0xFF, 0xFF, 0xFF, 0xFF, 0xFE, 0x00, 0x00,
  0x00, 0x00, 0x3F, 0xFF, 0xFF, 0xFF, 0xFF, 0xFE, 0x3F, 0xFF, 0xFF, 0xFF, 0xFF, 0xFF, 0x00, 0x00,
  0x00, 0x00, 0x3F, 0xFF, 0xFF, 0xFF, 0xFF, 0xFE, 0x3F, 0xFF, 0xFF, 0xFF, 0xFF, 0xFF, 0x00, 0x00,
  0x00, 0x00, 0x3F, 0xFF, 0xFF, 0xFF, 0xFF, 0xFF, 0x3F, 0xFF, 0xFF, 0xFF, 0xFF, 0xFF, 0x00, 0x00,
  0x00, 0x00, 0x3F, 0xFF, 0xFF, 0xFF, 0xFF, 0xFF, 0x3F, 0xFF, 0xFF, 0xFF, 0xFF, 0xFF, 0x00, 0x00,
  0x00, 0x00, 0x3F, 0xFF, 0xFF, 0xFF, 0xFF, 0xFF, 0x3F, 0xFF, 0xFF, 0xFF, 0xFF, 0xFF, 0x00, 0x00,
  0x00, 0x00, 0x3F, 0xFF, 0xFF, 0xFF, 0xFF, 0xFF, 0x3F, 0xFF, 0xFF, 0xFF, 0xFF, 0xFF, 0x00, 0x00,
  0x00, 0x00, 0x3F, 0xFF, 0xFF, 0xFF, 0xFF, 0xFF, 0x3F, 0xFF, 0xFF, 0xFF, 0xFF, 0xFF, 0x00, 0x00,
  0x00, 0x00, 0x3F, 0xFF, 0xFF, 0xFF, 0xFF, 0xFF, 0x3F, 0xFF, 0xFF, 0xFF, 0xFF, 0xFF, 0x00, 0x00,
  0x00, 0x00, 0x3F, 0xFF, 0xFF, 0xFF, 0xFF, 0xFF, 0x3F, 0xFF, 0xFF, 0xFF, 0xFF, 0xFF, 0x00, 0x00,
  0x00, 0x00, 0x3F, 0xFF, 0xFF, 0xFF, 0xFF, 0xFE, 0x1F, 0xFF, 0xFF, 0xFF, 0xFF, 0xFF, 0x00, 0x00,
  0x00, 0x00, 0x1F, 0xFF, 0xFF, 0xFF, 0xFF, 0xFE, 0x1F, 0xFF, 0xFF, 0xFF, 0xFF, 0xFE, 0x00, 0x00,
  0x00, 0x00, 0x1F, 0xFF, 0xFF, 0xFF, 0xFF, 0xFE, 0x1F, 0xFF, 0xFF, 0xFF, 0xFF, 0xFE, 0x00, 0x00,
  0x00, 0x00, 0x1F, 0xFF, 0xFF, 0xFF, 0xFF, 0xFE, 0x0F, 0xFF, 0xFF, 0xFF, 0xFF, 0xFE, 0x00, 0x00,
  0x00, 0x00, 0x0F, 0xFF, 0xFF, 0xFF, 0xFF, 0xFE, 0x0F, 0xFF, 0xFF, 0xFF, 0xFF, 0xFC, 0x00, 0x00,
  0x00, 0x00, 0x0F, 0xFF, 0xFF, 0xFF, 0xFF, 0xFC, 0x0F, 0xFF, 0xFF, 0xFF, 0xFF, 0xFC, 0x00, 0x00,
  0x00, 0x00, 0x07, 0xFF, 0xFF, 0xFF, 0xFF, 0xFC, 0x07, 0xFF, 0xFF, 0xFF, 0xFF, 0xFC, 0x00, 0x00,
  0x00, 0x00, 0x07, 0xFF, 0xFF, 0xFF, 0xFF, 0xFC, 0x07, 0xFF, 0xFF, 0xFF, 0xFF, 0xF8, 0x00, 0x00,
  0x00, 0x00, 0x03, 0xFF, 0xFF, 0xFF, 0xFF, 0xF8, 0x03, 0xFF, 0xFF, 0xFF, 0xFF, 0xF8, 0x00, 0x00,
  0x00, 0x00, 0x03, 0xFF, 0xFF, 0xFF, 0xFF, 0xF8, 0x01, 0xFF, 0xFF, 0xFF, 0xFF, 0xF0, 0x00, 0x00,
  0x00, 0x00, 0x01, 0xFF, 0xFF, 0xFF, 0xFF, 0xF0, 0x01, 0xFF, 0xFF, 0xFF, 0xFF, 0xE0, 0x00, 0x00,
  0x00, 0x00, 0x00, 0xFF, 0xFF, 0xFF, 0xFF, 0xE0, 0x00, 0xFF, 0xFF, 0xFF, 0xFF, 0xC0, 0x00, 0x00,
  0x00, 0x00, 0x00, 0xFF, 0xFF, 0xFF, 0xFF, 0xE0, 0x00, 0x7F, 0xFF, 0xFF, 0xFF, 0x80, 0x00, 0x00,
  0x00, 0x00, 0x00, 0x7F, 0xFF, 0xFF, 0xFF, 0xC0, 0x00, 0x1F, 0xFF, 0xFF, 0xFF, 0x00, 0x00, 0x00,
  0x00, 0x00, 0x00, 0x3F, 0xFF, 0xFF, 0xFF, 0x80, 0x00, 0x0F, 0xFF, 0xFF, 0xFE, 0x00, 0x00, 0x00,
  0x00, 0x00, 0x00, 0x1F, 0xFF, 0xFF, 0xFF, 0x00, 0x00, 0x03, 0xFF, 0xFF, 0xF8, 0x00, 0x00, 0x00,
  0x00, 0x00, 0x00, 0x07, 0xFF, 0xFF, 0xFC, 0x00, 0x00, 0x00, 0x7F, 0xFF, 0xE0, 0x00, 0x00, 0x00,
  0x00, 0x00, 0x00, 0x01, 0xFF, 0xFF, 0xF8, 0x00, 0x00, 0x00, 0x03, 0xFE, 0x00, 0x00, 0x00, 0x00,
  0x00, 0x00, 0x00, 0x00, 0x1F, 0xFF, 0xC0, 0x00, 0x00, 0x00, 0x00, 0x00, 0x00, 0x00, 0x00, 0x00,
  0x00, 0x00, 0x00, 0x00, 0x00, 0x00, 0x00, 0x00, 0x00, 0x00, 0x00, 0x00, 0x00, 0x00, 0x00, 0x00,
  0x00, 0x00, 0x00, 0x00, 0x00, 0x00, 0x00, 0x00, 0x00, 0x00, 0x00, 0x00, 0x00, 0x00, 0x00, 0x00,
  0x00, 0x00, 0x00, 0x00, 0x00, 0x00, 0x00, 0x00, 0x00, 0x00, 0x00, 0x00, 0x00, 0x00, 0x00, 0x00,
  0x00, 0x00, 0x00, 0x00, 0x00, 0x00, 0x00, 0x00, 0x00, 0x00, 0x00, 0x00, 0x00, 0x00, 0x00, 0x00,
  0x00, 0x00, 0x00, 0x00, 0x00, 0x00, 0x00, 0x00, 0x00, 0x00, 0x00, 0x00, 0x00, 0x00, 0x00, 0x00,
  0x00, 0x00, 0x00, 0x00, 0x00, 0x00, 0x00, 0x00, 0x00, 0x00, 0x00, 0x00, 0x00, 0x00, 0x00, 0x00,
  0x00, 0x00, 0x00, 0x00, 0x00, 0x00, 0x00, 0x00, 0x00, 0x00, 0x00, 0x00, 0x00, 0x00, 0x00, 0x00,
};

static const uint8_t PROGMEM wow_frame_08[1024] = {
  0x00, 0x00, 0x00, 0x00, 0x00, 0x00, 0x00, 0x00, 0x00, 0x00, 0x00, 0x00, 0x00, 0x00, 0x00, 0x00,
  0x00, 0x00, 0x00, 0x00, 0x00, 0x00, 0x00, 0x00, 0x00, 0x00, 0x00, 0x00, 0x00, 0x00, 0x00, 0x00,
  0x00, 0x00, 0x00, 0x00, 0x00, 0x00, 0x00, 0x00, 0x00, 0x00, 0x00, 0x00, 0x00, 0x00, 0x00, 0x00,
  0x00, 0x00, 0x00, 0x00, 0x00, 0x00, 0x00, 0x00, 0x00, 0x00, 0x00, 0x00, 0x00, 0x00, 0x00, 0x00,
  0x00, 0x00, 0x00, 0x00, 0x00, 0x00, 0x00, 0x00, 0x00, 0x00, 0x00, 0x00, 0x00, 0x00, 0x00, 0x00,
  0x00, 0x00, 0x00, 0x00, 0x00, 0x00, 0x00, 0x00, 0x00, 0x00, 0x00, 0x00, 0x00, 0x00, 0x00, 0x00,
  0x00, 0x00, 0x00, 0x00, 0x00, 0x00, 0x00, 0x00, 0x00, 0x00, 0x00, 0x00, 0x00, 0x00, 0x00, 0x00,
  0x00, 0x00, 0x00, 0x00, 0x00, 0x00, 0x00, 0x00, 0x00, 0x00, 0x00, 0x00, 0x00, 0x00, 0x00, 0x00,
  0x00, 0x00, 0x00, 0x00, 0x3F, 0xFF, 0x80, 0x00, 0x00, 0x00, 0x3F, 0xFF, 0x80, 0x00, 0x00, 0x00,
  0x00, 0x00, 0x00, 0x01, 0xFF, 0xFF, 0xF0, 0x00, 0x00, 0x03, 0xFF, 0xFF, 0xF0, 0x00, 0x00, 0x00,
  0x00, 0x00, 0x00, 0x07, 0xFF, 0xFF, 0xFC, 0x00, 0x00, 0x07, 0xFF, 0xFF, 0xFC, 0x00, 0x00, 0x00,
  0x00, 0x00, 0x00, 0x1F, 0xFF, 0xFF, 0xFF, 0x00, 0x00, 0x1F, 0xFF, 0xFF, 0xFE, 0x00, 0x00, 0x00,
  0x00, 0x00, 0x00, 0x3F, 0xFF, 0xFF, 0xFF, 0x80, 0x00, 0x3F, 0xFF, 0xFF, 0xFF, 0x80, 0x00, 0x00,
  0x00, 0x00, 0x00, 0x7F, 0xFF, 0xFF, 0xFF, 0xC0, 0x00, 0xFF, 0xFF, 0xFF, 0xFF, 0xC0, 0x00, 0x00,
  0x00, 0x00, 0x00, 0xFF, 0xFF, 0xFF, 0xFF, 0xE0, 0x01, 0xFF, 0xFF, 0xFF, 0xFF, 0xE0, 0x00, 0x00,
  0x00, 0x00, 0x01, 0xFF, 0xFF, 0xFF, 0xFF, 0xF0, 0x03, 0xFF, 0xFF, 0xFF, 0xFF, 0xE0, 0x00, 0x00,
  0x00, 0x00, 0x03, 0xFF, 0xFF, 0xFF, 0xFF, 0xF8, 0x07, 0xFF, 0xFF, 0xFF, 0xFF, 0xF0, 0x00, 0x00,
  0x00, 0x00, 0x07, 0xFF, 0xFF, 0xFF, 0xFF, 0xF8, 0x07, 0xFF, 0xFF, 0xFF, 0xFF, 0xF8, 0x00, 0x00,
  0x00, 0x00, 0x0F, 0xFF, 0xFF, 0xFF, 0xFF, 0xFC, 0x0F, 0xFF, 0xFF, 0xFF, 0xFF, 0xFC, 0x00, 0x00,
  0x00, 0x00, 0x0F, 0xFF, 0xFF, 0xFF, 0xFF, 0xFC, 0x1F, 0xFF, 0xFF, 0xFF, 0xFF, 0xFC, 0x00, 0x00,
  0x00, 0x00, 0x1F, 0xFF, 0xFF, 0xFF, 0xFF, 0xFE, 0x1F, 0xFF, 0xFF, 0xFF, 0xFF, 0xFE, 0x00, 0x00,
  0x00, 0x00, 0x1F, 0xFF, 0xFF, 0xFF, 0xFF, 0xFE, 0x1F, 0xFF, 0xFF, 0xFF, 0xFF, 0xFE, 0x00, 0x00,
  0x00, 0x00, 0x3F, 0xFF, 0xFF, 0xFF, 0xFF, 0xFF, 0x3F, 0xFF, 0xFF, 0xFF, 0xFF, 0xFF, 0x00, 0x00,
  0x00, 0x00, 0x3F, 0xFF, 0xFF, 0xFF, 0xFF, 0xFF, 0x3F, 0xFF, 0xFF, 0xFF, 0xFF, 0xFF, 0x00, 0x00,
  0x00, 0x00, 0x3F, 0xFF, 0xFF, 0xFF, 0xFF, 0xFF, 0x3F, 0xFF, 0xFF, 0xFF, 0xFF, 0xFF, 0x00, 0x00,
  0x00, 0x00, 0x3F, 0xFF, 0xFF, 0xFF, 0xFF, 0xFF, 0xFF, 0xFF, 0xFF, 0xFF, 0xFF, 0xFF, 0x00, 0x00,
  0x00, 0x00, 0x7F, 0xFF, 0xFF, 0xFF, 0xFF, 0xFF, 0xFF, 0xFF, 0xFF, 0xFF, 0xFF, 0xFF, 0x80, 0x00,
  0x00, 0x00, 0x7F, 0xFF, 0xFF, 0xFF, 0xFF, 0xFF, 0xFF, 0xFF, 0xFF, 0xFF, 0xFF, 0xFF, 0x80, 0x00,
  0x00, 0x00, 0x7F, 0xFF, 0xFF, 0xFF, 0xFF, 0xFF, 0xFF, 0xFF, 0xFF, 0xFF, 0xFF, 0xFF, 0x80, 0x00,
  0x00, 0x00, 0x7F, 0xFF, 0xFF, 0xFF, 0xFF, 0xFF, 0xFF, 0xFF, 0xFF, 0xFF, 0xFF, 0xFF, 0x80, 0x00,
  0x00, 0x00, 0x7F, 0xFF, 0xFF, 0xFF, 0xFF, 0xFF, 0xFF, 0xFF, 0xFF, 0xFF, 0xFF, 0xFF, 0x80, 0x00,
  0x00, 0x00, 0x7F, 0xFF, 0xFF, 0xFF, 0xFF, 0xFF, 0xFF, 0xFF, 0xFF, 0xFF, 0xFF, 0xFF, 0x80, 0x00,
  0x00, 0x00, 0x7F, 0xFF, 0xFF, 0xFF, 0xFF, 0xFF, 0xFF, 0xFF, 0xFF, 0xFF, 0xFF, 0xFF, 0x80, 0x00,
  0x00, 0x00, 0x7F, 0xFF, 0xFF, 0xFF, 0xFF, 0xFF, 0xFF, 0xFF, 0xFF, 0xFF, 0xFF, 0xFF, 0x80, 0x00,
  0x00, 0x00, 0x7F, 0xFF, 0xFF, 0xFF, 0xFF, 0xFF, 0xFF, 0xFF, 0xFF, 0xFF, 0xFF, 0xFF, 0x80, 0x00,
  0x00, 0x00, 0x7F, 0xFF, 0xFF, 0xFF, 0xFF, 0xFF, 0xFF, 0xFF, 0xFF, 0xFF, 0xFF, 0xFF, 0x80, 0x00,
  0x00, 0x00, 0x7F, 0xFF, 0xFF, 0xFF, 0xFF, 0xFF, 0xFF, 0xFF, 0xFF, 0xFF, 0xFF, 0xFF, 0x80, 0x00,
  0x00, 0x00, 0x7F, 0xFF, 0xFF, 0xFF, 0xFF, 0xFF, 0xFF, 0xFF, 0xFF, 0xFF, 0xFF, 0xFF, 0x80, 0x00,
  0x00, 0x00, 0x7F, 0xFF, 0xFF, 0xFF, 0xFF, 0xFF, 0xFF, 0xFF, 0xFF, 0xFF, 0xFF, 0xFF, 0x80, 0x00,
  0x00, 0x00, 0x7F, 0xFF, 0xFF, 0xFF, 0xFF, 0xFF, 0xFF, 0xFF, 0xFF, 0xFF, 0xFF, 0xFF, 0x80, 0x00,
  0x00, 0x00, 0x3F, 0xFF, 0xFF, 0xFF, 0xFF, 0xFF, 0xFF, 0xFF, 0xFF, 0xFF, 0xFF, 0xFF, 0x80, 0x00,
  0x00, 0x00, 0x3F, 0xFF, 0xFF, 0xFF, 0xFF, 0xFF, 0xBF, 0xFF, 0xFF, 0xFF, 0xFF, 0xFF, 0x00, 0x00,
  0x00, 0x00, 0x3F, 0xFF, 0xFF, 0xFF, 0xFF, 0xFF, 0xBF, 0xFF, 0xFF, 0xFF, 0xFF, 0xFF, 0x00, 0x00,
  0x00, 0x00, 0x1F, 0xFF, 0xFF, 0xFF, 0xFF, 0xFF, 0x3F, 0xFF, 0xFF, 0xFF, 0xFF, 0xFF, 0x00, 0x00,
  0x00, 0x00, 0x1F, 0xFF, 0xFF, 0xFF, 0xFF, 0xFF, 0x1F, 0xFF, 0xFF, 0xFF, 0xFF, 0xFE, 0x00, 0x00,
  0x00, 0x00, 0x0F, 0xFF, 0xFF, 0xFF, 0xFF, 0xFF, 0x1F, 0xFF, 0xFF, 0xFF, 0xFF, 0xFE, 0x00, 0x00,
  0x00, 0x00, 0x0F, 0xFF, 0xFF, 0xFF, 0xFF, 0xFE, 0x0F, 0xFF, 0xFF, 0xFF, 0xFF, 0xFC, 0x00, 0x00,
  0x00, 0x00, 0x07, 0xFF, 0xFF, 0xFF, 0xFF, 0xFE, 0x07, 0xFF, 0xFF, 0xFF, 0xFF, 0xFC, 0x00, 0x00,
  0x00, 0x00, 0x07, 0xFF, 0xFF, 0xFF, 0xFF, 0xFC, 0x07, 0xFF, 0xFF, 0xFF, 0xFF, 0xF8, 0x00, 0x00,
  0x00, 0x00, 0x03, 0xFF, 0xFF, 0xFF, 0xFF, 0xFC, 0x03, 0xFF, 0xFF, 0xFF, 0xFF, 0xF0, 0x00, 0x00,
  0x00, 0x00, 0x01, 0xFF, 0xFF, 0xFF, 0xFF, 0xF8, 0x01, 0xFF, 0xFF, 0xFF, 0xFF, 0xE0, 0x00, 0x00,
  0x00, 0x00, 0x00, 0xFF, 0xFF, 0xFF, 0xFF, 0xF0, 0x00, 0xFF, 0xFF, 0xFF, 0xFF, 0xC0, 0x00, 0x00,
  0x00, 0x00, 0x00, 0xFF, 0xFF, 0xFF, 0xFF, 0xF0, 0x00, 0x7F, 0xFF, 0xFF, 0xFF, 0x80, 0x00, 0x00,
  0x00, 0x00, 0x00, 0x7F, 0xFF, 0xFF, 0xFF, 0xE0, 0x00, 0x1F, 0xFF, 0xFF, 0xFF, 0x00, 0x00, 0x00,
  0x00, 0x00, 0x00, 0x3F, 0xFF, 0xFF, 0xFF, 0xC0, 0x00, 0x07, 0xFF, 0xFF, 0xFC, 0x00, 0x00, 0x00,
  0x00, 0x00, 0x00, 0x0F, 0xFF, 0xFF, 0xFF, 0x00, 0x00, 0x01, 0xFF, 0xFF, 0xF0, 0x00, 0x00, 0x00,
  0x00, 0x00, 0x00, 0x03, 0xFF, 0xFF, 0xFE, 0x00, 0x00, 0x00, 0x1F, 0xFF, 0xC0, 0x00, 0x00, 0x00,
  0x00, 0x00, 0x00, 0x00, 0x7F, 0xFF, 0xF0, 0x00, 0x00, 0x00, 0x00, 0x00, 0x00, 0x00, 0x00, 0x00,
  0x00, 0x00, 0x00, 0x00, 0x07, 0xFF, 0x80, 0x00, 0x00, 0x00, 0x00, 0x00, 0x00, 0x00, 0x00, 0x00,
  0x00, 0x00, 0x00, 0x00, 0x00, 0x00, 0x00, 0x00, 0x00, 0x00, 0x00, 0x00, 0x00, 0x00, 0x00, 0x00,
  0x00, 0x00, 0x00, 0x00, 0x00, 0x00, 0x00, 0x00, 0x00, 0x00, 0x00, 0x00, 0x00, 0x00, 0x00, 0x00,
  0x00, 0x00, 0x00, 0x00, 0x00, 0x00, 0x00, 0x00, 0x00, 0x00, 0x00, 0x00, 0x00, 0x00, 0x00, 0x00,
  0x00, 0x00, 0x00, 0x00, 0x00, 0x00, 0x00, 0x00, 0x00, 0x00, 0x00, 0x00, 0x00, 0x00, 0x00, 0x00,
  0x00, 0x00, 0x00, 0x00, 0x00, 0x00, 0x00, 0x00, 0x00, 0x00, 0x00, 0x00, 0x00, 0x00, 0x00, 0x00,
};

static const uint8_t PROGMEM wow_frame_09[1024] = {
  0x00, 0x00, 0x00, 0x00, 0x00, 0x00, 0x00, 0x00, 0x00, 0x00, 0x00, 0x00, 0x00, 0x00, 0x00, 0x00,
  0x00, 0x00, 0x00, 0x00, 0x00, 0x00, 0x00, 0x00, 0x00, 0x00, 0x00, 0x00, 0x00, 0x00, 0x00, 0x00,
  0x00, 0x00, 0x00, 0x00, 0x00, 0x00, 0x00, 0x00, 0x00, 0x00, 0x00, 0x00, 0x00, 0x00, 0x00, 0x00,
  0x00, 0x00, 0x00, 0x00, 0x00, 0x00, 0x00, 0x00, 0x00, 0x00, 0x00, 0x00, 0x00, 0x00, 0x00, 0x00,
  0x00, 0x00, 0x00, 0x00, 0x00, 0x00, 0x00, 0x00, 0x00, 0x00, 0x00, 0x00, 0x00, 0x00, 0x00, 0x00,
  0x00, 0x00, 0x00, 0x00, 0x00, 0x00, 0x00, 0x00, 0x00, 0x00, 0x00, 0x00, 0x00, 0x00, 0x00, 0x00,
  0x00, 0x00, 0x00, 0x00, 0x00, 0x00, 0x00, 0x00, 0x00, 0x00, 0x00, 0x00, 0x00, 0x00, 0x00, 0x00,
  0x00, 0x00, 0x00, 0x00, 0x00, 0x00, 0x00, 0x00, 0x00, 0x00, 0x00, 0x00, 0x00, 0x00, 0x00, 0x00,
  0x00, 0x00, 0x00, 0x00, 0x1F, 0xFF, 0x00, 0x00, 0x00, 0x00, 0x1F, 0xFF, 0x00, 0x00, 0x00, 0x00,
  0x00, 0x00, 0x00, 0x01, 0xFF, 0xFF, 0xE0, 0x00, 0x00, 0x01, 0xFF, 0xFF, 0xE0, 0x00, 0x00, 0x00,
  0x00, 0x00, 0x00, 0x07, 0xFF, 0xFF, 0xFC, 0x00, 0x00, 0x07, 0xFF, 0xFF, 0xF8, 0x00, 0x00, 0x00,
  0x00, 0x00, 0x00, 0x0F, 0xFF, 0xFF, 0xFE, 0x00, 0x00, 0x1F, 0xFF, 0xFF, 0xFE, 0x00, 0x00, 0x00,
  0x00, 0x00, 0x00, 0x3F, 0xFF, 0xFF, 0xFF, 0x00, 0x00, 0x3F, 0xFF, 0xFF, 0xFF, 0x00, 0x00, 0x00,
  0x00, 0x00, 0x00, 0x7F, 0xFF, 0xFF, 0xFF, 0xC0, 0x00, 0x7F, 0xFF, 0xFF, 0xFF, 0x80, 0x00, 0x00,
  0x00, 0x00, 0x00, 0xFF, 0xFF, 0xFF, 0xFF, 0xE0, 0x00, 0xFF, 0xFF, 0xFF, 0xFF, 0xC0, 0x00, 0x00,
  0x00, 0x00, 0x01, 0xFF, 0xFF, 0xFF, 0xFF, 0xE0, 0x01, 0xFF, 0xFF, 0xFF, 0xFF, 0xE0, 0x00, 0x00,
  0x00, 0x00, 0x03, 0xFF, 0xFF, 0xFF, 0xFF, 0xF0, 0x03, 0xFF, 0xFF, 0xFF, 0xFF, 0xF0, 0x00, 0x00,
  0x00, 0x00, 0x07, 0xFF, 0xFF, 0xFF, 0xFF, 0xF8, 0x07, 0xFF, 0xFF, 0xFF, 0xFF, 0xF8, 0x00, 0x00,
  0x00, 0x00, 0x07, 0xFF, 0xFF, 0xFF, 0xFF, 0xFC, 0x0F, 0xFF, 0xFF, 0xFF, 0xFF, 0xF8, 0x00, 0x00,
  0x00, 0x00, 0x0F, 0xFF, 0xFF, 0xFF, 0xFF, 0xFC, 0x0F, 0xFF, 0xFF, 0xFF, 0xFF, 0xFC, 0x00, 0x00,
  0x00, 0x00, 0x1F, 0xFF, 0xFF, 0xFF, 0xFF, 0xFE, 0x1F, 0xFF, 0xFF, 0xFF, 0xFF, 0xFE, 0x00, 0x00,
  0x00, 0x00, 0x1F, 0xFF, 0xFF, 0xFF, 0xFF, 0xFE, 0x1F, 0xFF, 0xFF, 0xFF, 0xFF, 0xFE, 0x00, 0x00,
  0x00, 0x00, 0x1F, 0xFF, 0xFF, 0xFF, 0xFF, 0xFF, 0x3F, 0xFF, 0xFF, 0xFF, 0xFF, 0xFE, 0x00, 0x00,
  0x00, 0x00, 0x3F, 0xFF, 0xFF, 0xFF, 0xFF, 0xFF, 0x3F, 0xFF, 0xFF, 0xFF, 0xFF, 0xFF, 0x00, 0x00,
  0x00, 0x00, 0x3F, 0xFF, 0xFF, 0xFF, 0xFF, 0xFF, 0x3F, 0xFF, 0xFF, 0xFF, 0xFF, 0xFF, 0x00, 0x00,
  0x00, 0x00, 0x3F, 0xFF, 0xFF, 0xFF, 0xFF, 0xFF, 0x3F, 0xFF, 0xFF, 0xFF, 0xFF, 0xFF, 0x00, 0x00,
  0x00, 0x00, 0x3F, 0xFF, 0xFF, 0xFF, 0xFF, 0xFF, 0xFF, 0xFF, 0xFF, 0xFF, 0xFF, 0xFF, 0x00, 0x00,
  0x00, 0x00, 0x7F, 0xFF, 0xFF, 0xFF, 0xFF, 0xFF, 0xFF, 0xFF, 0xFF, 0xFF, 0xFF, 0xFF, 0x80, 0x00,
  0x00, 0x00, 0x7F, 0xFF, 0xFF, 0xFF, 0xFF, 0xFF, 0xFF, 0xFF, 0xFF, 0xFF, 0xFF, 0xFF, 0x80, 0x00,
  0x00, 0x00, 0x7F, 0xFF, 0xFF, 0xFF, 0xFF, 0xFF, 0xFF, 0xFF, 0xFF, 0xFF, 0xFF, 0xFF, 0x80, 0x00,
  0x00, 0x00, 0x7F, 0xFF, 0xFF, 0xFF, 0xFF, 0xFF, 0xFF, 0xFF, 0xFF, 0xFF, 0xFF, 0xFF, 0x80, 0x00,
  0x00, 0x00, 0x7F, 0xFF, 0xFF, 0xFF, 0xFF, 0xFF, 0xFF, 0xFF, 0xFF, 0xFF, 0xFF, 0xFF, 0x80, 0x00,
  0x00, 0x00, 0x7F, 0xFF, 0xFF, 0xFF, 0xFF, 0xFF, 0xFF, 0xFF, 0xFF, 0xFF, 0xFF, 0xFF, 0x80, 0x00,
  0x00, 0x00, 0x7F, 0xFF, 0xFF, 0xFF, 0xFF, 0xFF, 0xFF, 0xFF, 0xFF, 0xFF, 0xFF, 0xFF, 0x80, 0x00,
  0x00, 0x00, 0x7F, 0xFF, 0xFF, 0xFF, 0xFF, 0xFF, 0xFF, 0xFF, 0xFF, 0xFF, 0xFF, 0xFF, 0x80, 0x00,
  0x00, 0x00, 0x7F, 0xFF, 0xFF, 0xFF, 0xFF, 0xFF, 0xFF, 0xFF, 0xFF, 0xFF, 0xFF, 0xFF, 0x80, 0x00,
  0x00, 0x00, 0x7F, 0xFF, 0xFF, 0xFF, 0xFF, 0xFF, 0xFF, 0xFF, 0xFF, 0xFF, 0xFF, 0xFF, 0x80, 0x00,
  0x00, 0x00, 0x7F, 0xFF, 0xFF, 0xFF, 0xFF, 0xFF, 0xFF, 0xFF, 0xFF, 0xFF, 0xFF, 0xFF, 0x80, 0x00,
  0x00, 0x00, 0x7F, 0xFF, 0xFF, 0xFF, 0xFF, 0xFF, 0xFF, 0xFF, 0xFF, 0xFF, 0xFF, 0xFF, 0x80, 0x00,
  0x00, 0x00, 0x3F, 0xFF, 0xFF, 0xFF, 0xFF, 0xFF, 0xFF, 0xFF, 0xFF, 0xFF, 0xFF, 0xFF, 0x80, 0x00,
  0x00, 0x00, 0x3F, 0xFF, 0xFF, 0xFF, 0xFF, 0xFF, 0xBF, 0xFF, 0xFF, 0xFF, 0xFF, 0xFF, 0x80, 0x00,
  0x00, 0x00, 0x3F, 0xFF, 0xFF, 0xFF, 0xFF, 0xFF, 0xBF, 0xFF, 0xFF, 0xFF, 0xFF, 0xFF, 0x00, 0x00,
  0x00, 0x00, 0x1F, 0xFF, 0xFF, 0xFF, 0xFF, 0xFF, 0xBF, 0xFF, 0xFF, 0xFF, 0xFF, 0xFF, 0x00, 0x00,
  0x00, 0x00, 0x1F, 0xFF, 0xFF, 0xFF, 0xFF, 0xFF, 0x1F, 0xFF, 0xFF, 0xFF, 0xFF, 0xFE, 0x00, 0x00,
  0x00, 0x00, 0x1F, 0xFF, 0xFF, 0xFF, 0xFF, 0xFF, 0x1F, 0xFF, 0xFF, 0xFF, 0xFF, 0xFE, 0x00, 0x00,
  0x00, 0x00, 0x0F, 0xFF, 0xFF, 0xFF, 0xFF, 0xFF, 0x0F, 0xFF, 0xFF, 0xFF, 0xFF, 0xFE, 0x00, 0x00,
  0x00, 0x00, 0x0F, 0xFF, 0xFF, 0xFF, 0xFF, 0xFE, 0x0F, 0xFF, 0xFF, 0xFF, 0xFF, 0xFC, 0x00, 0x00,
  0x00, 0x00, 0x07, 0xFF, 0xFF, 0xFF, 0xFF, 0xFE, 0x07, 0xFF, 0xFF, 0xFF, 0xFF, 0xFC, 0x00, 0x00,
  0x00, 0x00, 0x03, 0xFF, 0xFF, 0xFF, 0xFF, 0xFC, 0x07, 0xFF, 0xFF, 0xFF, 0xFF, 0xF8, 0x00, 0x00,
  0x00, 0x00, 0x03, 0xFF, 0xFF, 0xFF, 0xFF, 0xFC, 0x03, 0xFF, 0xFF, 0xFF, 0xFF, 0xF0, 0x00, 0x00,
  0x00, 0x00, 0x01, 0xFF, 0xFF, 0xFF, 0xFF, 0xF8, 0x01, 0xFF, 0xFF, 0xFF, 0xFF, 0xE0, 0x00, 0x00,
  0x00, 0x00, 0x00, 0xFF, 0xFF, 0xFF, 0xFF, 0xF0, 0x00, 0xFF, 0xFF, 0xFF, 0xFF, 0xC0, 0x00, 0x00,
  0x00, 0x00, 0x00, 0x7F, 0xFF, 0xFF, 0xFF, 0xE0, 0x00, 0x7F, 0xFF, 0xFF, 0xFF, 0x80, 0x00, 0x00,
  0x00, 0x00, 0x00, 0x7F, 0xFF, 0xFF, 0xFF, 0xC0, 0x00, 0x1F, 0xFF, 0xFF, 0xFF, 0x00, 0x00, 0x00,
  0x00, 0x00, 0x00, 0x1F, 0xFF, 0xFF, 0xFF, 0x80, 0x00, 0x07, 0xFF, 0xFF, 0xFC, 0x00, 0x00, 0x00,
  0x00, 0x00, 0x00, 0x0F, 0xFF, 0xFF, 0xFF, 0x00, 0x00, 0x00, 0xFF, 0xFF, 0xF0, 0x00, 0x00, 0x00,
  0x00, 0x00, 0x00, 0x03, 0xFF, 0xFF, 0xFC, 0x00, 0x00, 0x00, 0x1F, 0xFF, 0x80, 0x00, 0x00, 0x00,
  0x00, 0x00, 0x00, 0x00, 0x7F, 0xFF, 0xF0, 0x00, 0x00, 0x00, 0x00, 0x00, 0x00, 0x00, 0x00, 0x00,
  0x00, 0x00, 0x00, 0x00, 0x01, 0xFF, 0x00, 0x00, 0x00, 0x00, 0x00, 0x00, 0x00, 0x00, 0x00, 0x00,
  0x00, 0x00, 0x00, 0x00, 0x00, 0x00, 0x00, 0x00, 0x00, 0x00, 0x00, 0x00, 0x00, 0x00, 0x00, 0x00,
  0x00, 0x00, 0x00, 0x00, 0x00, 0x00, 0x00, 0x00, 0x00, 0x00, 0x00, 0x00, 0x00, 0x00, 0x00, 0x00,
  0x00, 0x00, 0x00, 0x00, 0x00, 0x00, 0x00, 0x00, 0x00, 0x00, 0x00, 0x00, 0x00, 0x00, 0x00, 0x00,
  0x00, 0x00, 0x00, 0x00, 0x00, 0x00, 0x00, 0x00, 0x00, 0x00, 0x00, 0x00, 0x00, 0x00, 0x00, 0x00,
  0x00, 0x00, 0x00, 0x00, 0x00, 0x00, 0x00, 0x00, 0x00, 0x00, 0x00, 0x00, 0x00, 0x00, 0x00, 0x00,
};

static const uint8_t PROGMEM wow_frame_10[1024] = {
  0x00, 0x00, 0x00, 0x00, 0x00, 0x00, 0x00, 0x00, 0x00, 0x00, 0x00, 0x00, 0x00, 0x00, 0x00, 0x00,
  0x00, 0x00, 0x00, 0x00, 0x00, 0x00, 0x00, 0x00, 0x00, 0x00, 0x00, 0x00, 0x00, 0x00, 0x00, 0x00,
  0x00, 0x00, 0x00, 0x00, 0x00, 0x00, 0x00, 0x00, 0x00, 0x00, 0x00, 0x00, 0x00, 0x00, 0x00, 0x00,
  0x00, 0x00, 0x00, 0x00, 0x00, 0x00, 0x00, 0x00, 0x00, 0x00, 0x00, 0x00, 0x00, 0x00, 0x00, 0x00,
  0x00, 0x00, 0x00, 0x00, 0x00, 0x00, 0x00, 0x00, 0x00, 0x00, 0x00, 0x00, 0x00, 0x00, 0x00, 0x00,
  0x00, 0x00, 0x00, 0x00, 0x00, 0x00, 0x00, 0x00, 0x00, 0x00, 0x00, 0x00, 0x00, 0x00, 0x00, 0x00,
  0x00, 0x00, 0x00, 0x00, 0x00, 0x00, 0x00, 0x00, 0x00, 0x00, 0x00, 0x00, 0x00, 0x00, 0x00, 0x00,
  0x00, 0x00, 0x00, 0x00, 0x00, 0x00, 0x00, 0x00, 0x00, 0x00, 0x00, 0x00, 0x00, 0x00, 0x00, 0x00,
  0x00, 0x00, 0x00, 0x00, 0x00, 0x00, 0x00, 0x00, 0x00, 0x00, 0x00, 0x00, 0x00, 0x00, 0x00, 0x00,
  0x00, 0x00, 0x00, 0x00, 0x1F, 0xFF, 0x00, 0x00, 0x00, 0x00, 0x3F, 0xFF, 0x00, 0x00, 0x00, 0x00,
  0x00, 0x00, 0x00, 0x01, 0xFF, 0xFF, 0xE0, 0x00, 0x00, 0x01, 0xFF, 0xFF, 0xE0, 0x00, 0x00, 0x00,
  0x00, 0x00, 0x00, 0x07, 0xFF, 0xFF, 0xF8, 0x00, 0x00, 0x07, 0xFF, 0xFF, 0xF8, 0x00, 0x00, 0x00,
  0x00, 0x00, 0x00, 0x0F, 0xFF, 0xFF, 0xFE, 0x00, 0x00, 0x0F, 0xFF, 0xFF, 0xFE, 0x00, 0x00, 0x00,
  0x00, 0x00, 0x00, 0x3F, 0xFF, 0xFF, 0xFF, 0x00, 0x00, 0x3F, 0xFF, 0xFF, 0xFF, 0x00, 0x00, 0x00,
  0x00, 0x00, 0x00, 0x7F, 0xFF, 0xFF, 0xFF, 0x80, 0x00, 0x7F, 0xFF, 0xFF, 0xFF, 0x80, 0x00, 0x00,
  0x00, 0x00, 0x00, 0xFF, 0xFF, 0xFF, 0xFF, 0xC0, 0x00, 0xFF, 0xFF, 0xFF, 0xFF, 0xC0, 0x00, 0x00,
  0x00, 0x00, 0x01, 0xFF, 0xFF, 0xFF, 0xFF, 0xE0, 0x01, 0xFF, 0xFF, 0xFF, 0xFF, 0xE0, 0x00, 0x00,
  0x00, 0x00, 0x03, 0xFF, 0xFF, 0xFF, 0xFF, 0xF0, 0x03, 0xFF, 0xFF, 0xFF, 0xFF, 0xF0, 0x00, 0x00,
  0x00, 0x00, 0x07, 0xFF, 0xFF, 0xFF, 0xFF, 0xF0, 0x07, 0xFF, 0xFF, 0xFF, 0xFF, 0xF0, 0x00, 0x00,
  0x00, 0x00, 0x07, 0xFF, 0xFF, 0xFF, 0xFF, 0xF8, 0x07, 0xFF, 0xFF, 0xFF, 0xFF, 0xF8, 0x00, 0x00,
  0x00, 0x00, 0x0F, 0xFF, 0xFF, 0xFF, 0xFF, 0xFC, 0x0F, 0xFF, 0xFF, 0xFF, 0xFF, 0xFC, 0x00, 0x00,
  0x00, 0x00, 0x0F, 0xFF, 0xFF, 0xFF, 0xFF, 0xFC, 0x0F, 0xFF, 0xFF, 0xFF, 0xFF, 0xFC, 0x00, 0x00,
  0x00, 0x00, 0x1F, 0xFF, 0xFF, 0xFF, 0xFF, 0xFC, 0x1F, 0xFF, 0xFF, 0xFF, 0xFF, 0xFE, 0x00, 0x00,
  0x00, 0x00, 0x1F, 0xFF, 0xFF, 0xFF, 0xFF, 0xFE, 0x1F, 0xFF, 0xFF, 0xFF, 0xFF, 0xFE, 0x00, 0x00,
  0x00, 0x00, 0x1F, 0xFF, 0xFF, 0xFF, 0xFF, 0xFE, 0x1F, 0xFF, 0xFF, 0xFF, 0xFF, 0xFE, 0x00, 0x00,
  0x00, 0x00, 0x3F, 0xFF, 0xFF, 0xFF, 0xFF, 0xFE, 0x3F, 0xFF, 0xFF, 0xFF, 0xFF, 0xFE, 0x00, 0x00,
  0x00, 0x00, 0x3F, 0xFF, 0xFF, 0xFF, 0xFF, 0xFF, 0x3F, 0xFF, 0xFF, 0xFF, 0xFF, 0xFF, 0x00, 0x00,
  0x00, 0x00, 0x3F, 0xFF, 0xFF, 0xFF, 0xFF, 0xFF, 0x3F, 0xFF, 0xFF, 0xFF, 0xFF, 0xFF, 0x00, 0x00,
  0x00, 0x00, 0x3F, 0xFF, 0xFF, 0xFF, 0xFF, 0xFF, 0x3F, 0xFF, 0xFF, 0xFF, 0xFF, 0xFF, 0x00, 0x00,
  0x00, 0x00, 0x3F, 0xFF, 0xFF, 0xFF, 0xFF, 0xFF, 0x3F, 0xFF, 0xFF, 0xFF, 0xFF, 0xFF, 0x00, 0x00,
  0x00, 0x00, 0x3F, 0xFF, 0xFF, 0xFF, 0xFF, 0xFF, 0x3F, 0xFF, 0xFF, 0xFF, 0xFF, 0xFF, 0x00, 0x00,
  0x00, 0x00, 0x3F, 0xFF, 0xFF, 0xFF, 0xFF, 0xFF, 0x3F, 0xFF, 0xFF, 0xFF, 0xFF, 0xFF, 0x00, 0x00,
  0x00, 0x00, 0x7F, 0xFF, 0xFF, 0xFF, 0xFF, 0xFF, 0x3F, 0xFF, 0xFF, 0xFF, 0xFF, 0xFF, 0x00, 0x00,
  0x00, 0x00, 0x7F, 0xFF, 0xFF, 0xFF, 0xFF, 0xFF, 0x7F, 0xFF, 0xFF, 0xFF, 0xFF, 0xFF, 0x00, 0x00,
  0x00, 0x00, 0x7F, 0xFF, 0xFF, 0xFF, 0xFF, 0xFF, 0x7F, 0xFF, 0xFF, 0xFF, 0xFF, 0xFF, 0x00, 0x00,
  0x00, 0x00, 0x7F, 0xFF, 0xFF, 0xFF, 0xFF, 0xFF, 0x3F, 0xFF, 0xFF, 0xFF, 0xFF, 0xFF, 0x00, 0x00,
  0x00, 0x00, 0x3F, 0xFF, 0xFF, 0xFF, 0xFF, 0xFF, 0x3F, 0xFF, 0xFF, 0xFF, 0xFF, 0xFF, 0x00, 0x00,
  0x00, 0x00, 0x3F, 0xFF, 0xFF, 0xFF, 0xFF, 0xFF, 0x3F, 0xFF, 0xFF, 0xFF, 0xFF, 0xFF, 0x00, 0x00,
  0x00, 0x00, 0x3F, 0xFF, 0xFF, 0xFF, 0xFF, 0xFF, 0x3F, 0xFF, 0xFF, 0xFF, 0xFF, 0xFF, 0x00, 0x00,
  0x00, 0x00, 0x3F, 0xFF, 0xFF, 0xFF, 0xFF, 0xFF, 0x3F, 0xFF, 0xFF, 0xFF, 0xFF, 0xFF, 0x00, 0x00,
  0x00, 0x00, 0x1F, 0xFF, 0xFF, 0xFF, 0xFF, 0xFF, 0x1F, 0xFF, 0xFF, 0xFF, 0xFF, 0xFF, 0x00, 0x00,
  0x00, 0x00, 0x1F, 0xFF, 0xFF, 0xFF, 0xFF, 0xFF, 0x1F, 0xFF, 0xFF, 0xFF, 0xFF, 0xFE, 0x00, 0x00,
  0x00, 0x00, 0x1F, 0xFF, 0xFF, 0xFF, 0xFF, 0xFE, 0x1F, 0xFF, 0xFF, 0xFF, 0xFF, 0xFE, 0x00, 0x00,
  0x00, 0x00, 0x0F, 0xFF, 0xFF, 0xFF, 0xFF, 0xFE, 0x0F, 0xFF, 0xFF, 0xFF, 0xFF, 0xFE, 0x00, 0x00,
  0x00, 0x00, 0x0F, 0xFF, 0xFF, 0xFF, 0xFF, 0xFE, 0x0F, 0xFF, 0xFF, 0xFF, 0xFF, 0xFC, 0x00, 0x00,
  0x00, 0x00, 0x07, 0xFF, 0xFF, 0xFF, 0xFF, 0xFC, 0x07, 0xFF, 0xFF, 0xFF, 0xFF, 0xFC, 0x00, 0x00,
  0x00, 0x00, 0x07, 0xFF, 0xFF, 0xFF, 0xFF, 0xFC, 0x07, 0xFF, 0xFF, 0xFF, 0xFF, 0xF8, 0x00, 0x00,
  0x00, 0x00, 0x03, 0xFF, 0xFF, 0xFF, 0xFF, 0xFC, 0x03, 0xFF, 0xFF, 0xFF, 0xFF, 0xF8, 0x00, 0x00,
  0x00, 0x00, 0x03, 0xFF, 0xFF, 0xFF, 0xFF, 0xF8, 0x01, 0xFF, 0xFF, 0xFF, 0xFF, 0xF0, 0x00, 0x00,
  0x00, 0x00, 0x01, 0xFF, 0xFF, 0xFF, 0xFF, 0xF0, 0x01, 0xFF, 0xFF, 0xFF, 0xFF, 0xE0, 0x00, 0x00,
  0x00, 0x00, 0x00, 0xFF, 0xFF, 0xFF, 0xFF, 0xF0, 0x00, 0xFF, 0xFF, 0xFF, 0xFF, 0xC0, 0x00, 0x00,
  0x00, 0x00, 0x00, 0x7F, 0xFF, 0xFF, 0xFF, 0xE0, 0x00, 0x3F, 0xFF, 0xFF, 0xFF, 0x80, 0x00, 0x00,
  0x00, 0x00, 0x00, 0x3F, 0xFF, 0xFF, 0xFF, 0xC0, 0x00, 0x1F, 0xFF, 0xFF, 0xFF, 0x00, 0x00, 0x00,
  0x00, 0x00, 0x00, 0x1F, 0xFF, 0xFF, 0xFF, 0x80, 0x00, 0x07, 0xFF, 0xFF, 0xFC, 0x00, 0x00, 0x00,
  0x00, 0x00, 0x00, 0x0F, 0xFF, 0xFF, 0xFF, 0x00, 0x00, 0x01, 0xFF, 0xFF, 0xF0, 0x00, 0x00, 0x00,
  0x00, 0x00, 0x00, 0x03, 0xFF, 0xFF, 0xFC, 0x00, 0x00, 0x00, 0x1F, 0xFF, 0x80, 0x00, 0x00, 0x00,
  0x00, 0x00, 0x00, 0x00, 0x7F, 0xFF, 0xF0, 0x00, 0x00, 0x00, 0x00, 0x00, 0x00, 0x00, 0x00, 0x00,
  0x00, 0x00, 0x00, 0x00, 0x07, 0xFF, 0x00, 0x00, 0x00, 0x00, 0x00, 0x00, 0x00, 0x00, 0x00, 0x00,
  0x00, 0x00, 0x00, 0x00, 0x00, 0x00, 0x00, 0x00, 0x00, 0x00, 0x00, 0x00, 0x00, 0x00, 0x00, 0x00,
  0x00, 0x00, 0x00, 0x00, 0x00, 0x00, 0x00, 0x00, 0x00, 0x00, 0x00, 0x00, 0x00, 0x00, 0x00, 0x00,
  0x00, 0x00, 0x00, 0x00, 0x00, 0x00, 0x00, 0x00, 0x00, 0x00, 0x00, 0x00, 0x00, 0x00, 0x00, 0x00,
  0x00, 0x00, 0x00, 0x00, 0x00, 0x00, 0x00, 0x00, 0x00, 0x00, 0x00, 0x00, 0x00, 0x00, 0x00, 0x00,
  0x00, 0x00, 0x00, 0x00, 0x00, 0x00, 0x00, 0x00, 0x00, 0x00, 0x00, 0x00, 0x00, 0x00, 0x00, 0x00,
  0x00, 0x00, 0x00, 0x00, 0x00, 0x00, 0x00, 0x00, 0x00, 0x00, 0x00, 0x00, 0x00, 0x00, 0x00, 0x00,
};

static const uint8_t PROGMEM wow_frame_11[1024] = {
  0x00, 0x00, 0x00, 0x00, 0x00, 0x00, 0x00, 0x00, 0x00, 0x00, 0x00, 0x00, 0x00, 0x00, 0x00, 0x00,
  0x00, 0x00, 0x00, 0x00, 0x00, 0x00, 0x00, 0x00, 0x00, 0x00, 0x00, 0x00, 0x00, 0x00, 0x00, 0x00,
  0x00, 0x00, 0x00, 0x00, 0x00, 0x00, 0x00, 0x00, 0x00, 0x00, 0x00, 0x00, 0x00, 0x00, 0x00, 0x00,
  0x00, 0x00, 0x00, 0x00, 0x00, 0x00, 0x00, 0x00, 0x00, 0x00, 0x00, 0x00, 0x00, 0x00, 0x00, 0x00,
  0x00, 0x00, 0x00, 0x00, 0x00, 0x00, 0x00, 0x00, 0x00, 0x00, 0x00, 0x00, 0x00, 0x00, 0x00, 0x00,
  0x00, 0x00, 0x00, 0x00, 0x00, 0x00, 0x00, 0x00, 0x00, 0x00, 0x00, 0x00, 0x00, 0x00, 0x00, 0x00,
  0x00, 0x00, 0x00, 0x00, 0x00, 0x00, 0x00, 0x00, 0x00, 0x00, 0x00, 0x00, 0x00, 0x00, 0x00, 0x00,
  0x00, 0x00, 0x00, 0x00, 0x00, 0x00, 0x00, 0x00, 0x00, 0x00, 0x00, 0x00, 0x00, 0x00, 0x00, 0x00,
  0x00, 0x00, 0x00, 0x00, 0x00, 0x00, 0x00, 0x00, 0x00, 0x00, 0x00, 0x00, 0x00, 0x00, 0x00, 0x00,
  0x00, 0x00, 0x00, 0x00, 0x00, 0x00, 0x00, 0x00, 0x00, 0x00, 0x00, 0x00, 0x00, 0x00, 0x00, 0x00,
  0x00, 0x00, 0x00, 0x00, 0x3F, 0xFF, 0x00, 0x00, 0x00, 0x00, 0x3F, 0xFF, 0x80, 0x00, 0x00, 0x00,
  0x00, 0x00, 0x00, 0x01, 0xFF, 0xFF, 0xE0, 0x00, 0x00, 0x01, 0xFF, 0xFF, 0xE0, 0x00, 0x00, 0x00,
  0x00, 0x00, 0x00, 0x07, 0xFF, 0xFF, 0xF8, 0x00, 0x00, 0x07, 0xFF, 0xFF, 0xF8, 0x00, 0x00, 0x00,
  0x00, 0x00, 0x00, 0x0F, 0xFF, 0xFF, 0xFC, 0x00, 0x00, 0x0F, 0xFF, 0xFF, 0xFE, 0x00, 0x00, 0x00,
  0x00, 0x00, 0x00, 0x3F, 0xFF, 0xFF, 0xFF, 0x00, 0x00, 0x1F, 0xFF, 0xFF, 0xFF, 0x00, 0x00, 0x00,
  0x00, 0x00, 0x00, 0x7F, 0xFF, 0xFF, 0xFF, 0x80, 0x00, 0x7F, 0xFF, 0xFF, 0xFF, 0x80, 0x00, 0x00,
  0x00, 0x00, 0x00, 0xFF, 0xFF, 0xFF, 0xFF, 0xC0, 0x00, 0xFF, 0xFF, 0xFF, 0xFF, 0xC0, 0x00, 0x00,
  0x00, 0x00, 0x01, 0xFF, 0xFF, 0xFF, 0xFF, 0xC0, 0x01, 0xFF, 0xFF, 0xFF, 0xFF, 0xE0, 0x00, 0x00,
  0x00, 0x00, 0x03, 0xFF, 0xFF, 0xFF, 0xFF, 0xE0, 0x01, 0xFF, 0xFF, 0xFF, 0xFF, 0xE0, 0x00, 0x00,
  0x00, 0x00, 0x03, 0xFF, 0xFF, 0xFF, 0xFF, 0xF0, 0x03, 0xFF, 0xFF, 0xFF, 0xFF, 0xF0, 0x00, 0x00,
  0x00, 0x00, 0x07, 0xFF, 0xFF, 0xFF, 0xFF, 0xF0, 0x07, 0xFF, 0xFF, 0xFF, 0xFF, 0xF8, 0x00, 0x00,
  0x00, 0x00, 0x07, 0xFF, 0xFF, 0xFF, 0xFF, 0xF8, 0x07, 0xFF, 0xFF, 0xFF, 0xFF, 0xF8, 0x00, 0x00,
  0x00, 0x00, 0x0F, 0xFF, 0xFF, 0xFF, 0xFF, 0xF8, 0x0F, 0xFF, 0xFF, 0xFF, 0xFF, 0xFC, 0x00, 0x00,
  0x00, 0x00, 0x0F, 0xFF, 0xFF, 0xFF, 0xFF, 0xFC, 0x0F, 0xFF, 0xFF, 0xFF, 0xFF, 0xFC, 0x00, 0x00,
  0x00, 0x00, 0x1F, 0xFF, 0xFF, 0xFF, 0xFF, 0xFC, 0x0F, 0xFF, 0xFF, 0xFF, 0xFF, 0xFC, 0x00, 0x00,
  0x00, 0x00, 0x1F, 0xFF, 0xFF, 0xFF, 0xFF, 0xFC, 0x1F, 0xFF, 0xFF, 0xFF, 0xFF, 0xFE, 0x00, 0x00,
  0x00, 0x00, 0x1F, 0xFF, 0xFF, 0xFF, 0xFF, 0xFE, 0x1F, 0xFF, 0xFF, 0xFF, 0xFF, 0xFE, 0x00, 0x00,
  0x00, 0x00, 0x1F, 0xFF, 0xFF, 0xFF, 0xFF, 0xFE, 0x1F, 0xFF, 0xFF, 0xFF, 0xFF, 0xFE, 0x00, 0x00,
  0x00, 0x00, 0x1F, 0xFF, 0xFF, 0xFF, 0xFF, 0xFE, 0x1F, 0xFF, 0xFF, 0xFF, 0xFF, 0xFE, 0x00, 0x00,
  0x00, 0x00, 0x3F, 0xFF, 0xFF, 0xFF, 0xFF, 0xFE, 0x1F, 0xFF, 0xFF, 0xFF, 0xFF, 0xFE, 0x00, 0x00,
  0x00, 0x00, 0x3F, 0xFF, 0xFF, 0xFF, 0xFF, 0xFE, 0x1F, 0xFF, 0xFF, 0xFF, 0xFF, 0xFE, 0x00, 0x00,
  0x00, 0x00, 0x3F, 0xFF, 0xFF, 0xFF, 0xFF, 0xFE, 0x1F, 0xFF, 0xFF, 0xFF, 0xFF, 0xFE, 0x00, 0x00,
  0x00, 0x00, 0x3F, 0xFF, 0xFF, 0xFF, 0xFF, 0xFE, 0x3F, 0xFF, 0xFF, 0xFF, 0xFF, 0xFF, 0x00, 0x00,
  0x00, 0x00, 0x3F, 0xFF, 0xFF, 0xFF, 0xFF, 0xFE, 0x3F, 0xFF, 0xFF, 0xFF, 0xFF, 0xFF, 0x00, 0x00,
  0x00, 0x00, 0x3F, 0xFF, 0xFF, 0xFF, 0xFF, 0xFE, 0x3F, 0xFF, 0xFF, 0xFF, 0xFF, 0xFF, 0x00, 0x00,
  0x00, 0x00, 0x3F, 0xFF, 0xFF, 0xFF, 0xFF, 0xFE, 0x3F, 0xFF, 0xFF, 0xFF, 0xFF, 0xFF, 0x00, 0x00,
  0x00, 0x00, 0x3F, 0xFF, 0xFF, 0xFF, 0xFF, 0xFE, 0x1F, 0xFF, 0xFF, 0xFF, 0xFF, 0xFE, 0x00, 0x00,
  0x00, 0x00, 0x3F, 0xFF, 0xFF, 0xFF, 0xFF, 0xFE, 0x1F, 0xFF, 0xFF, 0xFF, 0xFF, 0xFE, 0x00, 0x00,
  0x00, 0x00, 0x1F, 0xFF, 0xFF, 0xFF, 0xFF, 0xFE, 0x1F, 0xFF, 0xFF, 0xFF, 0xFF, 0xFE, 0x00, 0x00,
  0x00, 0x00, 0x1F, 0xFF, 0xFF, 0xFF, 0xFF, 0xFE, 0x1F, 0xFF, 0xFF, 0xFF, 0xFF, 0xFE, 0x00, 0x00,
  0x00, 0x00, 0x1F, 0xFF, 0xFF, 0xFF, 0xFF, 0xFE, 0x0F, 0xFF, 0xFF, 0xFF, 0xFF, 0xFE, 0x00, 0x00,
  0x00, 0x00, 0x0F, 0xFF, 0xFF, 0xFF, 0xFF, 0xFE, 0x0F, 0xFF, 0xFF, 0xFF, 0xFF, 0xFE, 0x00, 0x00,
  0x00, 0x00, 0x0F, 0xFF, 0xFF, 0xFF, 0xFF, 0xFC, 0x0F, 0xFF, 0xFF, 0xFF, 0xFF, 0xFC, 0x00, 0x00,
  0x00, 0x00, 0x0F, 0xFF, 0xFF, 0xFF, 0xFF, 0xFC, 0x07, 0xFF, 0xFF, 0xFF, 0xFF, 0xFC, 0x00, 0x00,
  0x00, 0x00, 0x07, 0xFF, 0xFF, 0xFF, 0xFF, 0xFC, 0x07, 0xFF, 0xFF, 0xFF, 0xFF, 0xF8, 0x00, 0x00,
  0x00, 0x00, 0x07, 0xFF, 0xFF, 0xFF, 0xFF, 0xF8, 0x03, 0xFF, 0xFF, 0xFF, 0xFF, 0xF8, 0x00, 0x00,
  0x00, 0x00, 0x03, 0xFF, 0xFF, 0xFF, 0xFF, 0xF8, 0x03, 0xFF, 0xFF, 0xFF, 0xFF, 0xF0, 0x00, 0x00,
  0x00, 0x00, 0x01, 0xFF, 0xFF, 0xFF, 0xFF, 0xF0, 0x01, 0xFF, 0xFF, 0xFF, 0xFF, 0xF0, 0x00, 0x00,
  0x00, 0x00, 0x01, 0xFF, 0xFF, 0xFF, 0xFF, 0xF0, 0x00, 0xFF, 0xFF, 0xFF, 0xFF, 0xE0, 0x00, 0x00,
  0x00, 0x00, 0x00, 0xFF, 0xFF, 0xFF, 0xFF, 0xE0, 0x00, 0x7F, 0xFF, 0xFF, 0xFF, 0xC0, 0x00, 0x00,
  0x00, 0x00, 0x00, 0x7F, 0xFF, 0xFF, 0xFF, 0xC0, 0x00, 0x3F, 0xFF, 0xFF, 0xFF, 0x80, 0x00, 0x00,
  0x00, 0x00, 0x00, 0x3F, 0xFF, 0xFF, 0xFF, 0x80, 0x00, 0x1F, 0xFF, 0xFF, 0xFF, 0x00, 0x00, 0x00,
  0x00, 0x00, 0x00, 0x1F, 0xFF, 0xFF, 0xFF, 0x00, 0x00, 0x07, 0xFF, 0xFF, 0xFC, 0x00, 0x00, 0x00,
  0x00, 0x00, 0x00, 0x0F, 0xFF, 0xFF, 0xFE, 0x00, 0x00, 0x01, 0xFF, 0xFF, 0xF8, 0x00, 0x00, 0x00,
  0x00, 0x00, 0x00, 0x07, 0xFF, 0xFF, 0xFC, 0x00, 0x00, 0x00, 0x3F, 0xFF, 0xC0, 0x00, 0x00, 0x00,
  0x00, 0x00, 0x00, 0x00, 0xFF, 0xFF, 0xF0, 0x00, 0x00, 0x00, 0x00, 0xF8, 0x00, 0x00, 0x00, 0x00,
  0x00, 0x00, 0x00, 0x00, 0x0F, 0xFF, 0x00, 0x00, 0x00, 0x00, 0x00, 0x00, 0x00, 0x00, 0x00, 0x00,
  0x00, 0x00, 0x00, 0x00, 0x00, 0x00, 0x00, 0x00, 0x00, 0x00, 0x00, 0x00, 0x00, 0x00, 0x00, 0x00,
  0x00, 0x00, 0x00, 0x00, 0x00, 0x00, 0x00, 0x00, 0x00, 0x00, 0x00, 0x00, 0x00, 0x00, 0x00, 0x00,
  0x00, 0x00, 0x00, 0x00, 0x00, 0x00, 0x00, 0x00, 0x00, 0x00, 0x00, 0x00, 0x00, 0x00, 0x00, 0x00,
  0x00, 0x00, 0x00, 0x00, 0x00, 0x00, 0x00, 0x00, 0x00, 0x00, 0x00, 0x00, 0x00, 0x00, 0x00, 0x00,
  0x00, 0x00, 0x00, 0x00, 0x00, 0x00, 0x00, 0x00, 0x00, 0x00, 0x00, 0x00, 0x00, 0x00, 0x00, 0x00,
  0x00, 0x00, 0x00, 0x00, 0x00, 0x00, 0x00, 0x00, 0x00, 0x00, 0x00, 0x00, 0x00, 0x00, 0x00, 0x00,
  0x00, 0x00, 0x00, 0x00, 0x00, 0x00, 0x00, 0x00, 0x00, 0x00, 0x00, 0x00, 0x00, 0x00, 0x00, 0x00,
};

static const uint8_t PROGMEM wow_frame_12[1024] = {
  0x00, 0x00, 0x00, 0x00, 0x00, 0x00, 0x00, 0x00, 0x00, 0x00, 0x00, 0x00, 0x00, 0x00, 0x00, 0x00,
  0x00, 0x00, 0x00, 0x00, 0x00, 0x00, 0x00, 0x00, 0x00, 0x00, 0x00, 0x00, 0x00, 0x00, 0x00, 0x00,
  0x00, 0x00, 0x00, 0x00, 0x00, 0x00, 0x00, 0x00, 0x00, 0x00, 0x00, 0x00, 0x00, 0x00, 0x00, 0x00,
  0x00, 0x00, 0x00, 0x00, 0x00, 0x00, 0x00, 0x00, 0x00, 0x00, 0x00, 0x00, 0x00, 0x00, 0x00, 0x00,
  0x00, 0x00, 0x00, 0x00, 0x00, 0x00, 0x00, 0x00, 0x00, 0x00, 0x00, 0x00, 0x00, 0x00, 0x00, 0x00,
  0x00, 0x00, 0x00, 0x00, 0x00, 0x00, 0x00, 0x00, 0x00, 0x00, 0x00, 0x00, 0x00, 0x00, 0x00, 0x00,
  0x00, 0x00, 0x00, 0x00, 0x00, 0x00, 0x00, 0x00, 0x00, 0x00, 0x00, 0x00, 0x00, 0x00, 0x00, 0x00,
  0x00, 0x00, 0x00, 0x00, 0x00, 0x00, 0x00, 0x00, 0x00, 0x00, 0x00, 0x00, 0x00, 0x00, 0x00, 0x00,
  0x00, 0x00, 0x00, 0x00, 0x00, 0x00, 0x00, 0x00, 0x00, 0x00, 0x00, 0x00, 0x00, 0x00, 0x00, 0x00,
  0x00, 0x00, 0x00, 0x00, 0x00, 0x00, 0x00, 0x00, 0x00, 0x00, 0x00, 0x00, 0x00, 0x00, 0x00, 0x00,
  0x00, 0x00, 0x00, 0x00, 0x3F, 0xFF, 0x00, 0x00, 0x00, 0x00, 0x3F, 0xFF, 0x80, 0x00, 0x00, 0x00,
  0x00, 0x00, 0x00, 0x01, 0xFF, 0xFF, 0xE0, 0x00, 0x00, 0x01, 0xFF, 0xFF, 0xE0, 0x00, 0x00, 0x00,
  0x00, 0x00, 0x00, 0x07, 0xFF, 0xFF, 0xF8, 0x00, 0x00, 0x07, 0xFF, 0xFF, 0xF8, 0x00, 0x00, 0x00,
  0x00, 0x00, 0x00, 0x0F, 0xFF, 0xFF, 0xFC, 0x00, 0x00, 0x0F, 0xFF, 0xFF, 0xFE, 0x00, 0x00, 0x00,
  0x00, 0x00, 0x00, 0x3F, 0xFF, 0xFF, 0xFF, 0x00, 0x00, 0x1F, 0xFF, 0xFF, 0xFF, 0x00, 0x00, 0x00,
  0x00, 0x00, 0x00, 0x7F, 0xFF, 0xFF, 0xFF, 0x80, 0x00, 0x7F, 0xFF, 0xFF, 0xFF, 0x80, 0x00, 0x00,
  0x00, 0x00, 0x00, 0xFF, 0xFF, 0xFF, 0xFF, 0xC0, 0x00, 0xFF, 0xFF, 0xFF, 0xFF, 0xC0, 0x00, 0x00,
  0x00, 0x00, 0x01, 0xFF, 0xFF, 0xFF, 0xFF, 0xC0, 0x01, 0xFF, 0xFF, 0xFF, 0xFF, 0xE0, 0x00, 0x00,
  0x00, 0x00, 0x03, 0xFF, 0xFF, 0xFF, 0xFF, 0xE0, 0x01, 0xFF, 0xFF, 0xFF, 0xFF, 0xE0, 0x00, 0x00,
  0x00, 0x00, 0x03, 0xFF, 0xFF, 0xFF, 0xFF, 0xF0, 0x03, 0xFF, 0xFF, 0xFF, 0xFF, 0xF0, 0x00, 0x00,
  0x00, 0x00, 0x07, 0xFF, 0xFF, 0xFF, 0xFF, 0xF0, 0x07, 0xFF, 0xFF, 0xFF, 0xFF, 0xF8, 0x00, 0x00,
  0x00, 0x00, 0x07, 0xFF, 0xFF, 0xFF, 0xFF, 0xF8, 0x07, 0xFF, 0xFF, 0xFF, 0xFF, 0xF8, 0x00, 0x00,
  0x00, 0x00, 0x0F, 0xFF, 0xFF, 0xFF, 0xFF, 0xF8, 0x0F, 0xFF, 0xFF, 0xFF, 0xFF, 0xFC, 0x00, 0x00,
  0x00, 0x00, 0x0F, 0xFF, 0xFF, 0xFF, 0xFF, 0xFC, 0x0F, 0xFF, 0xFF, 0xFF, 0xFF, 0xFC, 0x00, 0x00,
  0x00, 0x00, 0x1F, 0xFF, 0xFF, 0xFF, 0xFF, 0xFC, 0x0F, 0xFF, 0xFF, 0xFF, 0xFF, 0xFC, 0x00, 0x00,
  0x00, 0x00, 0x1F, 0xFF, 0xFF, 0xFF, 0xFF, 0xFC, 0x1F, 0xFF, 0xFF, 0xFF, 0xFF, 0xFE, 0x00, 0x00,
  0x00, 0x00, 0x1F, 0xFF, 0xFF, 0xFF, 0xFF, 0xFE, 0x1F, 0xFF, 0xFF, 0xFF, 0xFF, 0xFE, 0x00, 0x00,
  0x00, 0x00, 0x1F, 0xFF, 0xFF, 0xFF, 0xFF, 0xFE, 0x1F, 0xFF, 0xFF, 0xFF, 0xFF, 0xFE, 0x00, 0x00,
  0x00, 0x00, 0x1F, 0xFF, 0xFF, 0xFF, 0xFF, 0xFE, 0x1F, 0xFF, 0xFF, 0xFF, 0xFF, 0xFE, 0x00, 0x00,
  0x00, 0x00, 0x3F, 0xFF, 0xFF, 0xFF, 0xFF, 0xFE, 0x1F, 0xFF, 0xFF, 0xFF, 0xFF, 0xFE, 0x00, 0x00,
  0x00, 0x00, 0x3F, 0xFF, 0xFF, 0xFF, 0xFF, 0xFE, 0x1F, 0xFF, 0xFF, 0xFF, 0xFF, 0xFE, 0x00, 0x00,
  0x00, 0x00, 0x3F, 0xFF, 0xFF, 0xFF, 0xFF, 0xFE, 0x1F, 0xFF, 0xFF, 0xFF, 0xFF, 0xFE, 0x00, 0x00,
  0x00, 0x00, 0x3F, 0xFF, 0xFF, 0xFF, 0xFF, 0xFE, 0x3F, 0xFF, 0xFF, 0xFF, 0xFF, 0xFF, 0x00, 0x00,
  0x00, 0x00, 0x3F, 0xFF, 0xFF, 0xFF, 0xFF, 0xFE, 0x3F, 0xFF, 0xFF, 0xFF, 0xFF, 0xFF, 0x00, 0x00,
  0x00, 0x00, 0x3F, 0xFF, 0xFF, 0xFF, 0xFF, 0xFE, 0x3F, 0xFF, 0xFF, 0xFF, 0xFF, 0xFF, 0x00, 0x00,
  0x00, 0x00, 0x3F, 0xFF, 0xFF, 0xFF, 0xFF, 0xFE, 0x3F, 0xFF, 0xFF, 0xFF, 0xFF, 0xFF, 0x00, 0x00,
  0x00, 0x00, 0x3F, 0xFF, 0xFF, 0xFF, 0xFF, 0xFE, 0x1F, 0xFF, 0xFF, 0xFF, 0xFF, 0xFE, 0x00, 0x00,
  0x00, 0x00, 0x3F, 0xFF, 0xFF, 0xFF, 0xFF, 0xFE, 0x1F, 0xFF, 0xFF, 0xFF, 0xFF, 0xFE, 0x00, 0x00,
  0x00, 0x00, 0x1F, 0xFF, 0xFF, 0xFF, 0xFF, 0xFE, 0x1F, 0xFF, 0xFF, 0xFF, 0xFF, 0xFE, 0x00, 0x00,
  0x00, 0x00, 0x1F, 0xFF, 0xFF, 0xFF, 0xFF, 0xFE, 0x1F, 0xFF, 0xFF, 0xFF, 0xFF, 0xFE, 0x00, 0x00,
  0x00, 0x00, 0x1F, 0xFF, 0xFF, 0xFF, 0xFF, 0xFE, 0x0F, 0xFF, 0xFF, 0xFF, 0xFF, 0xFE, 0x00, 0x00,
  0x00, 0x00, 0x0F, 0xFF, 0xFF, 0xFF, 0xFF, 0xFE, 0x0F, 0xFF, 0xFF, 0xFF, 0xFF, 0xFE, 0x00, 0x00,
  0x00, 0x00, 0x0F, 0xFF, 0xFF, 0xFF, 0xFF, 0xFC, 0x0F, 0xFF, 0xFF, 0xFF, 0xFF, 0xFC, 0x00, 0x00,
  0x00, 0x00, 0x0F, 0xFF, 0xFF, 0xFF, 0xFF, 0xFC, 0x07, 0xFF, 0xFF, 0xFF, 0xFF, 0xFC, 0x00, 0x00,
  0x00, 0x00, 0x07, 0xFF, 0xFF, 0xFF, 0xFF, 0xFC, 0x07, 0xFF, 0xFF, 0xFF, 0xFF, 0xF8, 0x00, 0x00,
  0x00, 0x00, 0x07, 0xFF, 0xFF, 0xFF, 0xFF, 0xF8, 0x03, 0xFF, 0xFF, 0xFF, 0xFF, 0xF8, 0x00, 0x00,
  0x00, 0x00, 0x03, 0xFF, 0xFF, 0xFF, 0xFF, 0xF8, 0x03, 0xFF, 0xFF, 0xFF, 0xFF, 0xF0, 0x00, 0x00,
  0x00, 0x00, 0x01, 0xFF, 0xFF, 0xFF, 0xFF, 0xF0, 0x01, 0xFF, 0xFF, 0xFF, 0xFF, 0xF0, 0x00, 0x00,
  0x00, 0x00, 0x01, 0xFF, 0xFF, 0xFF, 0xFF, 0xF0, 0x00, 0xFF, 0xFF, 0xFF, 0xFF, 0xE0, 0x00, 0x00,
  0x00, 0x00, 0x00, 0xFF, 0xFF, 0xFF, 0xFF, 0xE0, 0x00, 0x7F, 0xFF, 0xFF, 0xFF, 0xC0, 0x00, 0x00,
  0x00, 0x00, 0x00, 0x7F, 0xFF, 0xFF, 0xFF, 0xC0, 0x00, 0x3F, 0xFF, 0xFF, 0xFF, 0x80, 0x00, 0x00,
  0x00, 0x00, 0x00, 0x3F, 0xFF, 0xFF, 0xFF, 0x80, 0x00, 0x1F, 0xFF, 0xFF, 0xFF, 0x00, 0x00, 0x00,
  0x00, 0x00, 0x00, 0x1F, 0xFF, 0xFF, 0xFF, 0x00, 0x00, 0x07, 0xFF, 0xFF, 0xFC, 0x00, 0x00, 0x00,
  0x00, 0x00, 0x00, 0x0F, 0xFF, 0xFF, 0xFE, 0x00, 0x00, 0x01, 0xFF, 0xFF, 0xF8, 0x00, 0x00, 0x00,
  0x00, 0x00, 0x00, 0x07, 0xFF, 0xFF, 0xFC, 0x00, 0x00, 0x00, 0x3F, 0xFF, 0xC0, 0x00, 0x00, 0x00,
  0x00, 0x00, 0x00, 0x00, 0xFF, 0xFF, 0xF0, 0x00, 0x00, 0x00, 0x00, 0xF8, 0x00, 0x00, 0x00, 0x00,
  0x00, 0x00, 0x00, 0x00, 0x0F, 0xFF, 0x00, 0x00, 0x00, 0x00, 0x00, 0x00, 0x00, 0x00, 0x00, 0x00,
  0x00, 0x00, 0x00, 0x00, 0x00, 0x00, 0x00, 0x00, 0x00, 0x00, 0x00, 0x00, 0x00, 0x00, 0x00, 0x00,
  0x00, 0x00, 0x00, 0x00, 0x00, 0x00, 0x00, 0x00, 0x00, 0x00, 0x00, 0x00, 0x00, 0x00, 0x00, 0x00,
  0x00, 0x00, 0x00, 0x00, 0x00, 0x00, 0x00, 0x00, 0x00, 0x00, 0x00, 0x00, 0x00, 0x00, 0x00, 0x00,
  0x00, 0x00, 0x00, 0x00, 0x00, 0x00, 0x00, 0x00, 0x00, 0x00, 0x00, 0x00, 0x00, 0x00, 0x00, 0x00,
  0x00, 0x00, 0x00, 0x00, 0x00, 0x00, 0x00, 0x00, 0x00, 0x00, 0x00, 0x00, 0x00, 0x00, 0x00, 0x00,
  0x00, 0x00, 0x00, 0x00, 0x00, 0x00, 0x00, 0x00, 0x00, 0x00, 0x00, 0x00, 0x00, 0x00, 0x00, 0x00,
  0x00, 0x00, 0x00, 0x00, 0x00, 0x00, 0x00, 0x00, 0x00, 0x00, 0x00, 0x00, 0x00, 0x00, 0x00, 0x00,
};

static const uint8_t PROGMEM wow_frame_13[1024] = {
  0x00, 0x00, 0x00, 0x00, 0x00, 0x00, 0x00, 0x00, 0x00, 0x00, 0x00, 0x00, 0x00, 0x00, 0x00, 0x00,
  0x00, 0x00, 0x00, 0x00, 0x00, 0x00, 0x00, 0x00, 0x00, 0x00, 0x00, 0x00, 0x00, 0x00, 0x00, 0x00,
  0x00, 0x00, 0x00, 0x00, 0x00, 0x00, 0x00, 0x00, 0x00, 0x00, 0x00, 0x00, 0x00, 0x00, 0x00, 0x00,
  0x00, 0x00, 0x00, 0x00, 0x00, 0x00, 0x00, 0x00, 0x00, 0x00, 0x00, 0x00, 0x00, 0x00, 0x00, 0x00,
  0x00, 0x00, 0x00, 0x00, 0x00, 0x00, 0x00, 0x00, 0x00, 0x00, 0x00, 0x00, 0x00, 0x00, 0x00, 0x00,
  0x00, 0x00, 0x00, 0x00, 0x00, 0x00, 0x00, 0x00, 0x00, 0x00, 0x00, 0x00, 0x00, 0x00, 0x00, 0x00,
  0x00, 0x00, 0x00, 0x00, 0x00, 0x00, 0x00, 0x00, 0x00, 0x00, 0x00, 0x00, 0x00, 0x00, 0x00, 0x00,
  0x00, 0x00, 0x00, 0x00, 0x00, 0x00, 0x00, 0x00, 0x00, 0x00, 0x00, 0x00, 0x00, 0x00, 0x00, 0x00,
  0x00, 0x00, 0x00, 0x00, 0x00, 0x00, 0x00, 0x00, 0x00, 0x00, 0x00, 0x00, 0x00, 0x00, 0x00, 0x00,
  0x00, 0x00, 0x00, 0x00, 0x1F, 0xFF, 0x00, 0x00, 0x00, 0x00, 0x3F, 0xFF, 0x00, 0x00, 0x00, 0x00,
  0x00, 0x00, 0x00, 0x01, 0xFF, 0xFF, 0xE0, 0x00, 0x00, 0x01, 0xFF, 0xFF, 0xE0, 0x00, 0x00, 0x00,
  0x00, 0x00, 0x00, 0x07, 0xFF, 0xFF, 0xF8, 0x00, 0x00, 0x07, 0xFF, 0xFF, 0xF8, 0x00, 0x00, 0x00,
  0x00, 0x00, 0x00, 0x0F, 0xFF, 0xFF, 0xFE, 0x00, 0x00, 0x0F, 0xFF, 0xFF, 0xFE, 0x00, 0x00, 0x00,
  0x00, 0x00, 0x00, 0x3F, 0xFF, 0xFF, 0xFF, 0x00, 0x00, 0x3F, 0xFF, 0xFF, 0xFF, 0x00, 0x00, 0x00,
  0x00, 0x00, 0x00, 0x7F, 0xFF, 0xFF, 0xFF, 0x80, 0x00, 0x7F, 0xFF, 0xFF, 0xFF, 0x80, 0x00, 0x00,
  0x00, 0x00, 0x00, 0xFF, 0xFF, 0xFF, 0xFF, 0xC0, 0x00, 0xFF, 0xFF, 0xFF, 0xFF, 0xC0, 0x00, 0x00,
  0x00, 0x00, 0x01, 0xFF, 0xFF, 0xFF, 0xFF, 0xE0, 0x01, 0xFF, 0xFF, 0xFF, 0xFF, 0xE0, 0x00, 0x00,
  0x00, 0x00, 0x03, 0xFF, 0xFF, 0xFF, 0xFF, 0xF0, 0x03, 0xFF, 0xFF, 0xFF, 0xFF, 0xF0, 0x00, 0x00,
  0x00, 0x00, 0x07, 0xFF, 0xFF, 0xFF, 0xFF, 0xF0, 0x07, 0xFF, 0xFF, 0xFF, 0xFF, 0xF0, 0x00, 0x00,
  0x00, 0x00, 0x07, 0xFF, 0xFF, 0xFF, 0xFF, 0xF8, 0x07, 0xFF, 0xFF, 0xFF, 0xFF, 0xF8, 0x00, 0x00,
  0x00, 0x00, 0x0F, 0xFF, 0xFF, 0xFF, 0xFF, 0xFC, 0x0F, 0xFF, 0xFF, 0xFF, 0xFF, 0xFC, 0x00, 0x00,
  0x00, 0x00, 0x0F, 0xFF, 0xFF, 0xFF, 0xFF, 0xFC, 0x0F, 0xFF, 0xFF, 0xFF, 0xFF, 0xFC, 0x00, 0x00,
  0x00, 0x00, 0x1F, 0xFF, 0xFF, 0xFF, 0xFF, 0xFC, 0x1F, 0xFF, 0xFF, 0xFF, 0xFF, 0xFE, 0x00, 0x00,
  0x00, 0x00, 0x1F, 0xFF, 0xFF, 0xFF, 0xFF, 0xFE, 0x1F, 0xFF, 0xFF, 0xFF, 0xFF, 0xFE, 0x00, 0x00,
  0x00, 0x00, 0x1F, 0xFF, 0xFF, 0xFF, 0xFF, 0xFE, 0x1F, 0xFF, 0xFF, 0xFF, 0xFF, 0xFE, 0x00, 0x00,
  0x00, 0x00, 0x3F, 0xFF, 0xFF, 0xFF, 0xFF, 0xFE, 0x3F, 0xFF, 0xFF, 0xFF, 0xFF, 0xFE, 0x00, 0x00,
  0x00, 0x00, 0x3F, 0xFF, 0xFF, 0xFF, 0xFF, 0xFF, 0x3F, 0xFF, 0xFF, 0xFF, 0xFF, 0xFF, 0x00, 0x00,
  0x00, 0x00, 0x3F, 0xFF, 0xFF, 0xFF, 0xFF, 0xFF, 0x3F, 0xFF, 0xFF, 0xFF, 0xFF, 0xFF, 0x00, 0x00,
  0x00, 0x00, 0x3F, 0xFF, 0xFF, 0xFF, 0xFF, 0xFF, 0x3F, 0xFF, 0xFF, 0xFF, 0xFF, 0xFF, 0x00, 0x00,
  0x00, 0x00, 0x3F, 0xFF, 0xFF, 0xFF, 0xFF, 0xFF, 0x3F, 0xFF, 0xFF, 0xFF, 0xFF, 0xFF, 0x00, 0x00,
  0x00, 0x00, 0x3F, 0xFF, 0xFF, 0xFF, 0xFF, 0xFF, 0x3F, 0xFF, 0xFF, 0xFF, 0xFF, 0xFF, 0x00, 0x00,
  0x00, 0x00, 0x3F, 0xFF, 0xFF, 0xFF, 0xFF, 0xFF, 0x3F, 0xFF, 0xFF, 0xFF, 0xFF, 0xFF, 0x00, 0x00,
  0x00, 0x00, 0x7F, 0xFF, 0xFF, 0xFF, 0xFF, 0xFF, 0x3F, 0xFF, 0xFF, 0xFF, 0xFF, 0xFF, 0x00, 0x00,
  0x00, 0x00, 0x7F, 0xFF, 0xFF, 0xFF, 0xFF, 0xFF, 0x7F, 0xFF, 0xFF, 0xFF, 0xFF, 0xFF, 0x00, 0x00,
  0x00, 0x00, 0x7F, 0xFF, 0xFF, 0xFF, 0xFF, 0xFF, 0x7F, 0xFF, 0xFF, 0xFF, 0xFF, 0xFF, 0x00, 0x00,
  0x00, 0x00, 0x7F, 0xFF, 0xFF, 0xFF, 0xFF, 0xFF, 0x3F, 0xFF, 0xFF, 0xFF, 0xFF, 0xFF, 0x00, 0x00,
  0x00, 0x00, 0x3F, 0xFF, 0xFF, 0xFF, 0xFF, 0xFF, 0x3F, 0xFF, 0xFF, 0xFF, 0xFF, 0xFF, 0x00, 0x00,
  0x00, 0x00, 0x3F, 0xFF, 0xFF, 0xFF, 0xFF, 0xFF, 0x3F, 0xFF, 0xFF, 0xFF, 0xFF, 0xFF, 0x00, 0x00,
  0x00, 0x00, 0x3F, 0xFF, 0xFF, 0xFF, 0xFF, 0xFF, 0x3F, 0xFF, 0xFF, 0xFF, 0xFF, 0xFF, 0x00, 0x00,
  0x00, 0x00, 0x3F, 0xFF, 0xFF, 0xFF, 0xFF, 0xFF, 0x3F, 0xFF, 0xFF, 0xFF, 0xFF, 0xFF, 0x00, 0x00,
  0x00, 0x00, 0x1F, 0xFF, 0xFF, 0xFF, 0xFF, 0xFF, 0x1F, 0xFF, 0xFF, 0xFF, 0xFF, 0xFF, 0x00, 0x00,
  0x00, 0x00, 0x1F, 0xFF, 0xFF, 0xFF, 0xFF, 0xFF, 0x1F, 0xFF, 0xFF, 0xFF, 0xFF, 0xFE, 0x00, 0x00,
  0x00, 0x00, 0x1F, 0xFF, 0xFF, 0xFF, 0xFF, 0xFE, 0x1F, 0xFF, 0xFF, 0xFF, 0xFF, 0xFE, 0x00, 0x00,
  0x00, 0x00, 0x0F, 0xFF, 0xFF, 0xFF, 0xFF, 0xFE, 0x0F, 0xFF, 0xFF, 0xFF, 0xFF, 0xFE, 0x00, 0x00,
  0x00, 0x00, 0x0F, 0xFF, 0xFF, 0xFF, 0xFF, 0xFE, 0x0F, 0xFF, 0xFF, 0xFF, 0xFF, 0xFC, 0x00, 0x00,
  0x00, 0x00, 0x07, 0xFF, 0xFF, 0xFF, 0xFF, 0xFC, 0x07, 0xFF, 0xFF, 0xFF, 0xFF, 0xFC, 0x00, 0x00,
  0x00, 0x00, 0x07, 0xFF, 0xFF, 0xFF, 0xFF, 0xFC, 0x07, 0xFF, 0xFF, 0xFF, 0xFF, 0xF8, 0x00, 0x00,
  0x00, 0x00, 0x03, 0xFF, 0xFF, 0xFF, 0xFF, 0xFC, 0x03, 0xFF, 0xFF, 0xFF, 0xFF, 0xF8, 0x00, 0x00,
  0x00, 0x00, 0x03, 0xFF, 0xFF, 0xFF, 0xFF, 0xF8, 0x01, 0xFF, 0xFF, 0xFF, 0xFF, 0xF0, 0x00, 0x00,
  0x00, 0x00, 0x01, 0xFF, 0xFF, 0xFF, 0xFF, 0xF0, 0x01, 0xFF, 0xFF, 0xFF, 0xFF, 0xE0, 0x00, 0x00,
  0x00, 0x00, 0x00, 0xFF, 0xFF, 0xFF, 0xFF, 0xF0, 0x00, 0xFF, 0xFF, 0xFF, 0xFF, 0xC0, 0x00, 0x00,
  0x00, 0x00, 0x00, 0x7F, 0xFF, 0xFF, 0xFF, 0xE0, 0x00, 0x3F, 0xFF, 0xFF, 0xFF, 0x80, 0x00, 0x00,
  0x00, 0x00, 0x00, 0x3F, 0xFF, 0xFF, 0xFF, 0xC0, 0x00, 0x1F, 0xFF, 0xFF, 0xFF, 0x00, 0x00, 0x00,
  0x00, 0x00, 0x00, 0x1F, 0xFF, 0xFF, 0xFF, 0x80, 0x00, 0x07, 0xFF, 0xFF, 0xFC, 0x00, 0x00, 0x00,
  0x00, 0x00, 0x00, 0x0F, 0xFF, 0xFF, 0xFF, 0x00, 0x00, 0x01, 0xFF, 0xFF, 0xF0, 0x00, 0x00, 0x00,
  0x00, 0x00, 0x00, 0x03, 0xFF, 0xFF, 0xFC, 0x00, 0x00, 0x00, 0x1F, 0xFF, 0x80, 0x00, 0x00, 0x00,
  0x00, 0x00, 0x00, 0x00, 0x7F, 0xFF, 0xF0, 0x00, 0x00, 0x00, 0x00, 0x00, 0x00, 0x00, 0x00, 0x00,
  0x00, 0x00, 0x00, 0x00, 0x07, 0xFF, 0x00, 0x00, 0x00, 0x00, 0x00, 0x00, 0x00, 0x00, 0x00, 0x00,
  0x00, 0x00, 0x00, 0x00, 0x00, 0x00, 0x00, 0x00, 0x00, 0x00, 0x00, 0x00, 0x00, 0x00, 0x00, 0x00,
  0x00, 0x00, 0x00, 0x00, 0x00, 0x00, 0x00, 0x00, 0x00, 0x00, 0x00, 0x00, 0x00, 0x00, 0x00, 0x00,
  0x00, 0x00, 0x00, 0x00, 0x00, 0x00, 0x00, 0x00, 0x00, 0x00, 0x00, 0x00, 0x00, 0x00, 0x00, 0x00,
  0x00, 0x00, 0x00, 0x00, 0x00, 0x00, 0x00, 0x00, 0x00, 0x00, 0x00, 0x00, 0x00, 0x00, 0x00, 0x00,
  0x00, 0x00, 0x00, 0x00, 0x00, 0x00, 0x00, 0x00, 0x00, 0x00, 0x00, 0x00, 0x00, 0x00, 0x00, 0x00,
  0x00, 0x00, 0x00, 0x00, 0x00, 0x00, 0x00, 0x00, 0x00, 0x00, 0x00, 0x00, 0x00, 0x00, 0x00, 0x00,
};

static const uint8_t PROGMEM wow_frame_14[1024] = {
  0x00, 0x00, 0x00, 0x00, 0x00, 0x00, 0x00, 0x00, 0x00, 0x00, 0x00, 0x00, 0x00, 0x00, 0x00, 0x00,
  0x00, 0x00, 0x00, 0x00, 0x00, 0x00, 0x00, 0x00, 0x00, 0x00, 0x00, 0x00, 0x00, 0x00, 0x00, 0x00,
  0x00, 0x00, 0x00, 0x00, 0x00, 0x00, 0x00, 0x00, 0x00, 0x00, 0x00, 0x00, 0x00, 0x00, 0x00, 0x00,
  0x00, 0x00, 0x00, 0x00, 0x00, 0x00, 0x00, 0x00, 0x00, 0x00, 0x00, 0x00, 0x00, 0x00, 0x00, 0x00,
  0x00, 0x00, 0x00, 0x00, 0x00, 0x00, 0x00, 0x00, 0x00, 0x00, 0x00, 0x00, 0x00, 0x00, 0x00, 0x00,
  0x00, 0x00, 0x00, 0x00, 0x00, 0x00, 0x00, 0x00, 0x00, 0x00, 0x00, 0x00, 0x00, 0x00, 0x00, 0x00,
  0x00, 0x00, 0x00, 0x00, 0x00, 0x00, 0x00, 0x00, 0x00, 0x00, 0x00, 0x00, 0x00, 0x00, 0x00, 0x00,
  0x00, 0x00, 0x00, 0x00, 0x00, 0x00, 0x00, 0x00, 0x00, 0x00, 0x00, 0x00, 0x00, 0x00, 0x00, 0x00,
  0x00, 0x00, 0x00, 0x00, 0x1F, 0xFF, 0x00, 0x00, 0x00, 0x00, 0x1F, 0xFF, 0x00, 0x00, 0x00, 0x00,
  0x00, 0x00, 0x00, 0x01, 0xFF, 0xFF, 0xE0, 0x00, 0x00, 0x01, 0xFF, 0xFF, 0xE0, 0x00, 0x00, 0x00,
  0x00, 0x00, 0x00, 0x07, 0xFF, 0xFF, 0xFC, 0x00, 0x00, 0x07, 0xFF, 0xFF, 0xF8, 0x00, 0x00, 0x00,
  0x00, 0x00, 0x00, 0x0F, 0xFF, 0xFF, 0xFE, 0x00, 0x00, 0x1F, 0xFF, 0xFF, 0xFE, 0x00, 0x00, 0x00,
  0x00, 0x00, 0x00, 0x3F, 0xFF, 0xFF, 0xFF, 0x00, 0x00, 0x3F, 0xFF, 0xFF, 0xFF, 0x00, 0x00, 0x00,
  0x00, 0x00, 0x00, 0x7F, 0xFF, 0xFF, 0xFF, 0xC0, 0x00, 0x7F, 0xFF, 0xFF, 0xFF, 0x80, 0x00, 0x00,
  0x00, 0x00, 0x00, 0xFF, 0xFF, 0xFF, 0xFF, 0xE0, 0x00, 0xFF, 0xFF, 0xFF, 0xFF, 0xC0, 0x00, 0x00,
  0x00, 0x00, 0x01, 0xFF, 0xFF, 0xFF, 0xFF, 0xE0, 0x01, 0xFF, 0xFF, 0xFF, 0xFF, 0xE0, 0x00, 0x00,
  0x00, 0x00, 0x03, 0xFF, 0xFF, 0xFF, 0xFF, 0xF0, 0x03, 0xFF, 0xFF, 0xFF, 0xFF, 0xF0, 0x00, 0x00,
  0x00, 0x00, 0x07, 0xFF, 0xFF, 0xFF, 0xFF, 0xF8, 0x07, 0xFF, 0xFF, 0xFF, 0xFF, 0xF8, 0x00, 0x00,
  0x00, 0x00, 0x07, 0xFF, 0xFF, 0xFF, 0xFF, 0xFC, 0x0F, 0xFF, 0xFF, 0xFF, 0xFF, 0xF8, 0x00, 0x00,
  0x00, 0x00, 0x0F, 0xFF, 0xFF, 0xFF, 0xFF, 0xFC, 0x0F, 0xFF, 0xFF, 0xFF, 0xFF, 0xFC, 0x00, 0x00,
  0x00, 0x00, 0x1F, 0xFF, 0xFF, 0xFF, 0xFF, 0xFE, 0x1F, 0xFF, 0xFF, 0xFF, 0xFF, 0xFE, 0x00, 0x00,
  0x00, 0x00, 0x1F, 0xFF, 0xFF, 0xFF, 0xFF, 0xFE, 0x1F, 0xFF, 0xFF, 0xFF, 0xFF, 0xFE, 0x00, 0x00,
  0x00, 0x00, 0x1F, 0xFF, 0xFF, 0xFF, 0xFF, 0xFF, 0x3F, 0xFF, 0xFF, 0xFF, 0xFF, 0xFE, 0x00, 0x00,
  0x00, 0x00, 0x3F, 0xFF, 0xFF, 0xFF, 0xFF, 0xFF, 0x3F, 0xFF, 0xFF, 0xFF, 0xFF, 0xFF, 0x00, 0x00,
  0x00, 0x00, 0x3F, 0xFF, 0xFF, 0xFF, 0xFF, 0xFF, 0x3F, 0xFF, 0xFF, 0xFF, 0xFF, 0xFF, 0x00, 0x00,
  0x00, 0x00, 0x3F, 0xFF, 0xFF, 0xFF, 0xFF, 0xFF, 0x3F, 0xFF, 0xFF, 0xFF, 0xFF, 0xFF, 0x00, 0x00,
  0x00, 0x00, 0x3F, 0xFF, 0xFF, 0xFF, 0xFF, 0xFF, 0xFF, 0xFF, 0xFF, 0xFF, 0xFF, 0xFF, 0x00, 0x00,
  0x00, 0x00, 0x7F, 0xFF, 0xFF, 0xFF, 0xFF, 0xFF, 0xFF, 0xFF, 0xFF, 0xFF, 0xFF, 0xFF, 0x80, 0x00,
  0x00, 0x00, 0x7F, 0xFF, 0xFF, 0xFF, 0xFF, 0xFF, 0xFF, 0xFF, 0xFF, 0xFF, 0xFF, 0xFF, 0x80, 0x00,
  0x00, 0x00, 0x7F, 0xFF, 0xFF, 0xFF, 0xFF, 0xFF, 0xFF, 0xFF, 0xFF, 0xFF, 0xFF, 0xFF, 0x80, 0x00,
  0x00, 0x00, 0x7F, 0xFF, 0xFF, 0xFF, 0xFF, 0xFF, 0xFF, 0xFF, 0xFF, 0xFF, 0xFF, 0xFF, 0x80, 0x00,
  0x00, 0x00, 0x7F, 0xFF, 0xFF, 0xFF, 0xFF, 0xFF, 0xFF, 0xFF, 0xFF, 0xFF, 0xFF, 0xFF, 0x80, 0x00,
  0x00, 0x00, 0x7F, 0xFF, 0xFF, 0xFF, 0xFF, 0xFF, 0xFF, 0xFF, 0xFF, 0xFF, 0xFF, 0xFF, 0x80, 0x00,
  0x00, 0x00, 0x7F, 0xFF, 0xFF, 0xFF, 0xFF, 0xFF, 0xFF, 0xFF, 0xFF, 0xFF, 0xFF, 0xFF, 0x80, 0x00,
  0x00, 0x00, 0x7F, 0xFF, 0xFF, 0xFF, 0xFF, 0xFF, 0xFF, 0xFF, 0xFF, 0xFF, 0xFF, 0xFF, 0x80, 0x00,
  0x00, 0x00, 0x7F, 0xFF, 0xFF, 0xFF, 0xFF, 0xFF, 0xFF, 0xFF, 0xFF, 0xFF, 0xFF, 0xFF, 0x80, 0x00,
  0x00, 0x00, 0x7F, 0xFF, 0xFF, 0xFF, 0xFF, 0xFF, 0xFF, 0xFF, 0xFF, 0xFF, 0xFF, 0xFF, 0x80, 0x00,
  0x00, 0x00, 0x7F, 0xFF, 0xFF, 0xFF, 0xFF, 0xFF, 0xFF, 0xFF, 0xFF, 0xFF, 0xFF, 0xFF, 0x80, 0x00,
  0x00, 0x00, 0x7F, 0xFF, 0xFF, 0xFF, 0xFF, 0xFF, 0xFF, 0xFF, 0xFF, 0xFF, 0xFF, 0xFF, 0x80, 0x00,
  0x00, 0x00, 0x3F, 0xFF, 0xFF, 0xFF, 0xFF, 0xFF, 0xFF, 0xFF, 0xFF, 0xFF, 0xFF, 0xFF, 0x80, 0x00,
  0x00, 0x00, 0x3F, 0xFF, 0xFF, 0xFF, 0xFF, 0xFF, 0xBF, 0xFF, 0xFF, 0xFF, 0xFF, 0xFF, 0x80, 0x00,
  0x00, 0x00, 0x3F, 0xFF, 0xFF, 0xFF, 0xFF, 0xFF, 0xBF, 0xFF, 0xFF, 0xFF, 0xFF, 0xFF, 0x00, 0x00,
  0x00, 0x00, 0x1F, 0xFF, 0xFF, 0xFF, 0xFF, 0xFF, 0xBF, 0xFF, 0xFF, 0xFF, 0xFF, 0xFF, 0x00, 0x00,
  0x00, 0x00, 0x1F, 0xFF, 0xFF, 0xFF, 0xFF, 0xFF, 0x1F, 0xFF, 0xFF, 0xFF, 0xFF, 0xFE, 0x00, 0x00,
  0x00, 0x00, 0x1F, 0xFF, 0xFF, 0xFF, 0xFF, 0xFF, 0x1F, 0xFF, 0xFF, 0xFF, 0xFF, 0xFE, 0x00, 0x00,
  0x00, 0x00, 0x0F, 0xFF, 0xFF, 0xFF, 0xFF, 0xFF, 0x0F, 0xFF, 0xFF, 0xFF, 0xFF, 0xFE, 0x00, 0x00,
  0x00, 0x00, 0x0F, 0xFF, 0xFF, 0xFF, 0xFF, 0xFE, 0x0F, 0xFF, 0xFF, 0xFF, 0xFF, 0xFC, 0x00, 0x00,
  0x00, 0x00, 0x07, 0xFF, 0xFF, 0xFF, 0xFF, 0xFE, 0x07, 0xFF, 0xFF, 0xFF, 0xFF, 0xFC, 0x00, 0x00,
  0x00, 0x00, 0x03, 0xFF, 0xFF, 0xFF, 0xFF, 0xFC, 0x07, 0xFF, 0xFF, 0xFF, 0xFF, 0xF8, 0x00, 0x00,
  0x00, 0x00, 0x03, 0xFF, 0xFF, 0xFF, 0xFF, 0xFC, 0x03, 0xFF, 0xFF, 0xFF, 0xFF, 0xF0, 0x00, 0x00,
  0x00, 0x00, 0x01, 0xFF, 0xFF, 0xFF, 0xFF, 0xF8, 0x01, 0xFF, 0xFF, 0xFF, 0xFF, 0xE0, 0x00, 0x00,
  0x00, 0x00, 0x00, 0xFF, 0xFF, 0xFF, 0xFF, 0xF0, 0x00, 0xFF, 0xFF, 0xFF, 0xFF, 0xC0, 0x00, 0x00,
  0x00, 0x00, 0x00, 0x7F, 0xFF, 0xFF, 0xFF, 0xE0, 0x00, 0x7F, 0xFF, 0xFF, 0xFF, 0x80, 0x00, 0x00,
  0x00, 0x00, 0x00, 0x7F, 0xFF, 0xFF, 0xFF, 0xC0, 0x00, 0x1F, 0xFF, 0xFF, 0xFF, 0x00, 0x00, 0x00,
  0x00, 0x00, 0x00, 0x1F, 0xFF, 0xFF, 0xFF, 0x80, 0x00, 0x07, 0xFF, 0xFF, 0xFC, 0x00, 0x00, 0x00,
  0x00, 0x00, 0x00, 0x0F, 0xFF, 0xFF, 0xFF, 0x00, 0x00, 0x00, 0xFF, 0xFF, 0xF0, 0x00, 0x00, 0x00,
  0x00, 0x00, 0x00, 0x03, 0xFF, 0xFF, 0xFC, 0x00, 0x00, 0x00, 0x1F, 0xFF, 0x80, 0x00, 0x00, 0x00,
  0x00, 0x00, 0x00, 0x00, 0x7F, 0xFF, 0xF0, 0x00, 0x00, 0x00, 0x00, 0x00, 0x00, 0x00, 0x00, 0x00,
  0x00, 0x00, 0x00, 0x00, 0x01, 0xFF, 0x00, 0x00, 0x00, 0x00, 0x00, 0x00, 0x00, 0x00, 0x00, 0x00,
  0x00, 0x00, 0x00, 0x00, 0x00, 0x00, 0x00, 0x00, 0x00, 0x00, 0x00, 0x00, 0x00, 0x00, 0x00, 0x00,
  0x00, 0x00, 0x00, 0x00, 0x00, 0x00, 0x00, 0x00, 0x00, 0x00, 0x00, 0x00, 0x00, 0x00, 0x00, 0x00,
  0x00, 0x00, 0x00, 0x00, 0x00, 0x00, 0x00, 0x00, 0x00, 0x00, 0x00, 0x00, 0x00, 0x00, 0x00, 0x00,
  0x00, 0x00, 0x00, 0x00, 0x00, 0x00, 0x00, 0x00, 0x00, 0x00, 0x00, 0x00, 0x00, 0x00, 0x00, 0x00,
  0x00, 0x00, 0x00, 0x00, 0x00, 0x00, 0x00, 0x00, 0x00, 0x00, 0x00, 0x00, 0x00, 0x00, 0x00, 0x00,
};

static const uint8_t PROGMEM wow_frame_15[1024] = {
  0x00, 0x00, 0x00, 0x00, 0x00, 0x00, 0x00, 0x00, 0x00, 0x00, 0x00, 0x00, 0x00, 0x00, 0x00, 0x00,
  0x00, 0x00, 0x00, 0x00, 0x00, 0x00, 0x00, 0x00, 0x00, 0x00, 0x00, 0x00, 0x00, 0x00, 0x00, 0x00,
  0x00, 0x00, 0x00, 0x00, 0x00, 0x00, 0x00, 0x00, 0x00, 0x00, 0x00, 0x00, 0x00, 0x00, 0x00, 0x00,
  0x00, 0x00, 0x00, 0x00, 0x00, 0x00, 0x00, 0x00, 0x00, 0x00, 0x00, 0x00, 0x00, 0x00, 0x00, 0x00,
  0x00, 0x00, 0x00, 0x00, 0x00, 0x00, 0x00, 0x00, 0x00, 0x00, 0x00, 0x00, 0x00, 0x00, 0x00, 0x00,
  0x00, 0x00, 0x00, 0x00, 0x00, 0x00, 0x00, 0x00, 0x00, 0x00, 0x00, 0x00, 0x00, 0x00, 0x00, 0x00,
  0x00, 0x00, 0x00, 0x00, 0x00, 0x00, 0x00, 0x00, 0x00, 0x00, 0x00, 0x00, 0x00, 0x00, 0x00, 0x00,
  0x00, 0x00, 0x00, 0x00, 0x00, 0x00, 0x00, 0x00, 0x00, 0x00, 0x00, 0x00, 0x00, 0x00, 0x00, 0x00,
  0x00, 0x00, 0x00, 0x00, 0x3F, 0xFF, 0x80, 0x00, 0x00, 0x00, 0x3F, 0xFF, 0x80, 0x00, 0x00, 0x00,
  0x00, 0x00, 0x00, 0x01, 0xFF, 0xFF, 0xF0, 0x00, 0x00, 0x03, 0xFF, 0xFF, 0xF0, 0x00, 0x00, 0x00,
  0x00, 0x00, 0x00, 0x07, 0xFF, 0xFF, 0xFC, 0x00, 0x00, 0x07, 0xFF, 0xFF, 0xFC, 0x00, 0x00, 0x00,
  0x00, 0x00, 0x00, 0x1F, 0xFF, 0xFF, 0xFF, 0x00, 0x00, 0x1F, 0xFF, 0xFF, 0xFE, 0x00, 0x00, 0x00,
  0x00, 0x00, 0x00, 0x3F, 0xFF, 0xFF, 0xFF, 0x80, 0x00, 0x3F, 0xFF, 0xFF, 0xFF, 0x80, 0x00, 0x00,
  0x00, 0x00, 0x00, 0x7F, 0xFF, 0xFF, 0xFF, 0xC0, 0x00, 0xFF, 0xFF, 0xFF, 0xFF, 0xC0, 0x00, 0x00,
  0x00, 0x00, 0x00, 0xFF, 0xFF, 0xFF, 0xFF, 0xE0, 0x01, 0xFF, 0xFF, 0xFF, 0xFF, 0xE0, 0x00, 0x00,
  0x00, 0x00, 0x01, 0xFF, 0xFF, 0xFF, 0xFF, 0xF0, 0x03, 0xFF, 0xFF, 0xFF, 0xFF, 0xE0, 0x00, 0x00,
  0x00, 0x00, 0x03, 0xFF, 0xFF, 0xFF, 0xFF, 0xF8, 0x07, 0xFF, 0xFF, 0xFF, 0xFF, 0xF0, 0x00, 0x00,
  0x00, 0x00, 0x07, 0xFF, 0xFF, 0xFF, 0xFF, 0xF8, 0x07, 0xFF, 0xFF, 0xFF, 0xFF, 0xF8, 0x00, 0x00,
  0x00, 0x00, 0x0F, 0xFF, 0xFF, 0xFF, 0xFF, 0xFC, 0x0F, 0xFF, 0xFF, 0xFF, 0xFF, 0xFC, 0x00, 0x00,
  0x00, 0x00, 0x0F, 0xFF, 0xFF, 0xFF, 0xFF, 0xFC, 0x1F, 0xFF, 0xFF, 0xFF, 0xFF, 0xFC, 0x00, 0x00,
  0x00, 0x00, 0x1F, 0xFF, 0xFF, 0xFF, 0xFF, 0xFE, 0x1F, 0xFF, 0xFF, 0xFF, 0xFF, 0xFE, 0x00, 0x00,
  0x00, 0x00, 0x1F, 0xFF, 0xFF, 0xFF, 0xFF, 0xFE, 0x1F, 0xFF, 0xFF, 0xFF, 0xFF, 0xFE, 0x00, 0x00,
  0x00, 0x00, 0x3F, 0xFF, 0xFF, 0xFF, 0xFF, 0xFF, 0x3F, 0xFF, 0xFF, 0xFF, 0xFF, 0xFF, 0x00, 0x00,
  0x00, 0x00, 0x3F, 0xFF, 0xFF, 0xFF, 0xFF, 0xFF, 0x3F, 0xFF, 0xFF, 0xFF, 0xFF, 0xFF, 0x00, 0x00,
  0x00, 0x00, 0x3F, 0xFF, 0xFF, 0xFF, 0xFF, 0xFF, 0x3F, 0xFF, 0xFF, 0xFF, 0xFF, 0xFF, 0x00, 0x00,
  0x00, 0x00, 0x3F, 0xFF, 0xFF, 0xFF, 0xFF, 0xFF, 0xFF, 0xFF, 0xFF, 0xFF, 0xFF, 0xFF, 0x00, 0x00,
  0x00, 0x00, 0x7F, 0xFF, 0xFF, 0xFF, 0xFF, 0xFF, 0xFF, 0xFF, 0xFF, 0xFF, 0xFF, 0xFF, 0x80, 0x00,
  0x00, 0x00, 0x7F, 0xFF, 0xFF, 0xFF, 0xFF, 0xFF, 0xFF, 0xFF, 0xFF, 0xFF, 0xFF, 0xFF, 0x80, 0x00,
  0x00, 0x00, 0x7F, 0xFF, 0xFF, 0xFF, 0xFF, 0xFF, 0xFF, 0xFF, 0xFF, 0xFF, 0xFF, 0xFF, 0x80, 0x00,
  0x00, 0x00, 0x7F, 0xFF, 0xFF, 0xFF, 0xFF, 0xFF, 0xFF, 0xFF, 0xFF, 0xFF, 0xFF, 0xFF, 0x80, 0x00,
  0x00, 0x00, 0x7F, 0xFF, 0xFF, 0xFF, 0xFF, 0xFF, 0xFF, 0xFF, 0xFF, 0xFF, 0xFF, 0xFF, 0x80, 0x00,
  0x00, 0x00, 0x7F, 0xFF, 0xFF, 0xFF, 0xFF, 0xFF, 0xFF, 0xFF, 0xFF, 0xFF, 0xFF, 0xFF, 0x80, 0x00,
  0x00, 0x00, 0x7F, 0xFF, 0xFF, 0xFF, 0xFF, 0xFF, 0xFF, 0xFF, 0xFF, 0xFF, 0xFF, 0xFF, 0x80, 0x00,
  0x00, 0x00, 0x7F, 0xFF, 0xFF, 0xFF, 0xFF, 0xFF, 0xFF, 0xFF, 0xFF, 0xFF, 0xFF, 0xFF, 0x80, 0x00,
  0x00, 0x00, 0x7F, 0xFF, 0xFF, 0xFF, 0xFF, 0xFF, 0xFF, 0xFF, 0xFF, 0xFF, 0xFF, 0xFF, 0x80, 0x00,
  0x00, 0x00, 0x7F, 0xFF, 0xFF, 0xFF, 0xFF, 0xFF, 0xFF, 0xFF, 0xFF, 0xFF, 0xFF, 0xFF, 0x80, 0x00,
  0x00, 0x00, 0x7F, 0xFF, 0xFF, 0xFF, 0xFF, 0xFF, 0xFF, 0xFF, 0xFF, 0xFF, 0xFF, 0xFF, 0x80, 0x00,
  0x00, 0x00, 0x7F, 0xFF, 0xFF, 0xFF, 0xFF, 0xFF, 0xFF, 0xFF, 0xFF, 0xFF, 0xFF, 0xFF, 0x80, 0x00,
  0x00, 0x00, 0x7F, 0xFF, 0xFF, 0xFF, 0xFF, 0xFF, 0xFF, 0xFF, 0xFF, 0xFF, 0xFF, 0xFF, 0x80, 0x00,
  0x00, 0x00, 0x7F, 0xFF, 0xFF, 0xFF, 0xFF, 0xFF, 0xFF, 0xFF, 0xFF, 0xFF, 0xFF, 0xFF, 0x80, 0x00,
  0x00, 0x00, 0x3F, 0xFF, 0xFF, 0xFF, 0xFF, 0xFF, 0xFF, 0xFF, 0xFF, 0xFF, 0xFF, 0xFF, 0x80, 0x00,
  0x00, 0x00, 0x3F, 0xFF, 0xFF, 0xFF, 0xFF, 0xFF, 0xBF, 0xFF, 0xFF, 0xFF, 0xFF, 0xFF, 0x00, 0x00,
  0x00, 0x00, 0x3F, 0xFF, 0xFF, 0xFF, 0xFF, 0xFF, 0xBF, 0xFF, 0xFF, 0xFF, 0xFF, 0xFF, 0x00, 0x00,
  0x00, 0x00, 0x1F, 0xFF, 0xFF, 0xFF, 0xFF, 0xFF, 0x3F, 0xFF, 0xFF, 0xFF, 0xFF, 0xFF, 0x00, 0x00,
  0x00, 0x00, 0x1F, 0xFF, 0xFF, 0xFF, 0xFF, 0xFF, 0x1F, 0xFF, 0xFF, 0xFF, 0xFF, 0xFE, 0x00, 0x00,
  0x00, 0x00, 0x0F, 0xFF, 0xFF, 0xFF, 0xFF, 0xFF, 0x1F, 0xFF, 0xFF, 0xFF, 0xFF, 0xFE, 0x00, 0x00,
  0x00, 0x00, 0x0F, 0xFF, 0xFF, 0xFF, 0xFF, 0xFE, 0x0F, 0xFF, 0xFF, 0xFF, 0xFF, 0xFC, 0x00, 0x00,
  0x00, 0x00, 0x07, 0xFF, 0xFF, 0xFF, 0xFF, 0xFE, 0x07, 0xFF, 0xFF, 0xFF, 0xFF, 0xFC, 0x00, 0x00,
  0x00, 0x00, 0x07, 0xFF, 0xFF, 0xFF, 0xFF, 0xFC, 0x07, 0xFF, 0xFF, 0xFF, 0xFF, 0xF8, 0x00, 0x00,
  0x00, 0x00, 0x03, 0xFF, 0xFF, 0xFF, 0xFF, 0xFC, 0x03, 0xFF, 0xFF, 0xFF, 0xFF, 0xF0, 0x00, 0x00,
  0x00, 0x00, 0x01, 0xFF, 0xFF, 0xFF, 0xFF, 0xF8, 0x01, 0xFF, 0xFF, 0xFF, 0xFF, 0xE0, 0x00, 0x00,
  0x00, 0x00, 0x00, 0xFF, 0xFF, 0xFF, 0xFF, 0xF0, 0x00, 0xFF, 0xFF, 0xFF, 0xFF, 0xC0, 0x00, 0x00,
  0x00, 0x00, 0x00, 0xFF, 0xFF, 0xFF, 0xFF, 0xF0, 0x00, 0x7F, 0xFF, 0xFF, 0xFF, 0x80, 0x00, 0x00,
  0x00, 0x00, 0x00, 0x7F, 0xFF, 0xFF, 0xFF, 0xE0, 0x00, 0x1F, 0xFF, 0xFF, 0xFF, 0x00, 0x00, 0x00,
  0x00, 0x00, 0x00, 0x3F, 0xFF, 0xFF, 0xFF, 0xC0, 0x00, 0x07, 0xFF, 0xFF, 0xFC, 0x00, 0x00, 0x00,
  0x00, 0x00, 0x00, 0x0F, 0xFF, 0xFF, 0xFF, 0x00, 0x00, 0x01, 0xFF, 0xFF, 0xF0, 0x00, 0x00, 0x00,
  0x00, 0x00, 0x00, 0x03, 0xFF, 0xFF, 0xFE, 0x00, 0x00, 0x00, 0x1F, 0xFF, 0xC0, 0x00, 0x00, 0x00,
  0x00, 0x00, 0x00, 0x00, 0x7F, 0xFF, 0xF0, 0x00, 0x00, 0x00, 0x00, 0x00, 0x00, 0x00, 0x00, 0x00,
  0x00, 0x00, 0x00, 0x00, 0x07, 0xFF, 0x80, 0x00, 0x00, 0x00, 0x00, 0x00, 0x00, 0x00, 0x00, 0x00,
  0x00, 0x00, 0x00, 0x00, 0x00, 0x00, 0x00, 0x00, 0x00, 0x00, 0x00, 0x00, 0x00, 0x00, 0x00, 0x00,
  0x00, 0x00, 0x00, 0x00, 0x00, 0x00, 0x00, 0x00, 0x00, 0x00, 0x00, 0x00, 0x00, 0x00, 0x00, 0x00,
  0x00, 0x00, 0x00, 0x00, 0x00, 0x00, 0x00, 0x00, 0x00, 0x00, 0x00, 0x00, 0x00, 0x00, 0x00, 0x00,
  0x00, 0x00, 0x00, 0x00, 0x00, 0x00, 0x00, 0x00, 0x00, 0x00, 0x00, 0x00, 0x00, 0x00, 0x00, 0x00,
  0x00, 0x00, 0x00, 0x00, 0x00, 0x00, 0x00, 0x00, 0x00, 0x00, 0x00, 0x00, 0x00, 0x00, 0x00, 0x00,
};

static const uint8_t PROGMEM wow_frame_16[1024] = {
  0x00, 0x00, 0x00, 0x00, 0x00, 0x00, 0x00, 0x00, 0x00, 0x00, 0x00, 0x00, 0x00, 0x00, 0x00, 0x00,
  0x00, 0x00, 0x00, 0x00, 0x00, 0x00, 0x00, 0x00, 0x00, 0x00, 0x00, 0x00, 0x00, 0x00, 0x00, 0x00,
  0x00, 0x00, 0x00, 0x00, 0x00, 0x00, 0x00, 0x00, 0x00, 0x00, 0x00, 0x00, 0x00, 0x00, 0x00, 0x00,
  0x00, 0x00, 0x00, 0x00, 0x00, 0x00, 0x00, 0x00, 0x00, 0x00, 0x00, 0x00, 0x00, 0x00, 0x00, 0x00,
  0x00, 0x00, 0x00, 0x00, 0x00, 0x00, 0x00, 0x00, 0x00, 0x00, 0x00, 0x00, 0x00, 0x00, 0x00, 0x00,
  0x00, 0x00, 0x00, 0x00, 0x00, 0x00, 0x00, 0x00, 0x00, 0x00, 0x00, 0x00, 0x00, 0x00, 0x00, 0x00,
  0x00, 0x00, 0x00, 0x00, 0x00, 0x00, 0x00, 0x00, 0x00, 0x00, 0x00, 0x00, 0x00, 0x00, 0x00, 0x00,
  0x00, 0x00, 0x00, 0x00, 0x00, 0x00, 0x00, 0x00, 0x00, 0x00, 0x00, 0x00, 0x00, 0x00, 0x00, 0x00,
  0x00, 0x00, 0x00, 0x00, 0x00, 0x00, 0x00, 0x00, 0x00, 0x00, 0x00, 0x00, 0x00, 0x00, 0x00, 0x00,
  0x00, 0x00, 0x00, 0x00, 0x00, 0x00, 0x00, 0x00, 0x00, 0x00, 0x00, 0x60, 0x00, 0x00, 0x00, 0x00,
  0x00, 0x00, 0x00, 0x00, 0x7F, 0xFF, 0x80, 0x00, 0x00, 0x00, 0x7F, 0xFF, 0xC0, 0x00, 0x00, 0x00,
  0x00, 0x00, 0x00, 0x03, 0xFF, 0xFF, 0xF0, 0x00, 0x00, 0x03, 0xFF, 0xFF, 0xF0, 0x00, 0x00, 0x00,
  0x00, 0x00, 0x00, 0x07, 0xFF, 0xFF, 0xFC, 0x00, 0x00, 0x07, 0xFF, 0xFF, 0xFC, 0x00, 0x00, 0x00,
  0x00, 0x00, 0x00, 0x1F, 0xFF, 0xFF, 0xFE, 0x00, 0x00, 0x1F, 0xFF, 0xFF, 0xFE, 0x00, 0x00, 0x00,
  0x00, 0x00, 0x00, 0x3F, 0xFF, 0xFF, 0xFF, 0x00, 0x00, 0x3F, 0xFF, 0xFF, 0xFF, 0x00, 0x00, 0x00,
  0x00, 0x00, 0x00, 0x7F, 0xFF, 0xFF, 0xFF, 0x80, 0x00, 0x7F, 0xFF, 0xFF, 0xFF, 0x80, 0x00, 0x00,
  0x00, 0x00, 0x00, 0xFF, 0xFF, 0xFF, 0xFF, 0xC0, 0x00, 0xFF, 0xFF, 0xFF, 0xFF, 0xC0, 0x00, 0x00,
  0x00, 0x00, 0x01, 0xFF, 0xFF, 0xFF, 0xFF, 0xE0, 0x01, 0xFF, 0xFF, 0xFF, 0xFF, 0xE0, 0x00, 0x00,
  0x00, 0x00, 0x03, 0xFF, 0xFF, 0xFF, 0xFF, 0xF0, 0x03, 0xFF, 0xFF, 0xFF, 0xFF, 0xF0, 0x00, 0x00,
  0x00, 0x00, 0x07, 0xFF, 0xFF, 0xFF, 0xFF, 0xF0, 0x03, 0xFF, 0xFF, 0xFF, 0xFF, 0xF0, 0x00, 0x00,
  0x00, 0x00, 0x07, 0xFF, 0xFF, 0xFF, 0xFF, 0xF8, 0x07, 0xFF, 0xFF, 0xFF, 0xFF, 0xF8, 0x00, 0x00,
  0x00, 0x00, 0x0F, 0xFF, 0xFF, 0xFF, 0xFF, 0xF8, 0x0F, 0xFF, 0xFF, 0xFF, 0xFF, 0xF8, 0x00, 0x00,
  0x00, 0x00, 0x0F, 0xFF, 0xFF, 0xFF, 0xFF, 0xFC, 0x0F, 0xFF, 0xFF, 0xFF, 0xFF, 0xFC, 0x00, 0x00,
  0x00, 0x00, 0x0F, 0xFF, 0xFF, 0xFF, 0xFF, 0xFC, 0x0F, 0xFF, 0xFF, 0xFF, 0xFF, 0xFC, 0x00, 0x00,
  0x00, 0x00, 0x1F, 0xFF, 0xFF, 0xFF, 0xFF, 0xFC, 0x1F, 0xFF, 0xFF, 0xFF, 0xFF, 0xFE, 0x00, 0x00,
  0x00, 0x00, 0x1F, 0xFF, 0xFF, 0xFF, 0xFF, 0xFE, 0x1F, 0xFF, 0xFF, 0xFF, 0xFF, 0xFE, 0x00, 0x00,
  0x00, 0x00, 0x1F, 0xFF, 0xFF, 0xFF, 0xFF, 0xFE, 0x1F, 0xFF, 0xFF, 0xFF, 0xFF, 0xFE, 0x00, 0x00,
  0x00, 0x00, 0x1F, 0xFF, 0xFF, 0xFF, 0xFF, 0xFE, 0x1F, 0xFF, 0xFF, 0xFF, 0xFF, 0xFE, 0x00, 0x00,
  0x00, 0x00, 0x3F, 0xFF, 0xFF, 0xFF, 0xFF, 0xFE, 0x1F, 0xFF, 0xFF, 0xFF, 0xFF, 0xFE, 0x00, 0x00,
  0x00, 0x00, 0x3F, 0xFF, 0xFF, 0xFF, 0xFF, 0xFE, 0x3F, 0xFF, 0xFF, 0xFF, 0xFF, 0xFF, 0x00, 0x00,
  0x00, 0x00, 0x3F, 0xFF, 0xFF, 0xFF, 0xFF, 0xFE, 0x3F, 0xFF, 0xFF, 0xFF, 0xFF, 0xFF, 0x00, 0x00,
  0x00, 0x00, 0x3F, 0xFF, 0xFF, 0xFF, 0xFF, 0xFF, 0x3F, 0xFF, 0xFF, 0xFF, 0xFF, 0xFF, 0x00, 0x00,
  0x00, 0x00, 0x3F, 0xFF, 0xFF, 0xFF, 0xFF, 0xFF, 0x3F, 0xFF, 0xFF, 0xFF, 0xFF, 0xFF, 0x00, 0x00,
  0x00, 0x00, 0x3F, 0xFF, 0xFF, 0xFF, 0xFF, 0xFF, 0x3F, 0xFF, 0xFF, 0xFF, 0xFF, 0xFF, 0x00, 0x00,
  0x00, 0x00, 0x3F, 0xFF, 0xFF, 0xFF, 0xFF, 0xFF, 0x3F, 0xFF, 0xFF, 0xFF, 0xFF, 0xFF, 0x00, 0x00,
  0x00, 0x00, 0x3F, 0xFF, 0xFF, 0xFF, 0xFF, 0xFF, 0x3F, 0xFF, 0xFF, 0xFF, 0xFF, 0xFF, 0x00, 0x00,
  0x00, 0x00, 0x3F, 0xFF, 0xFF, 0xFF, 0xFF, 0xFF, 0x3F, 0xFF, 0xFF, 0xFF, 0xFF, 0xFF, 0x00, 0x00,
  0x00, 0x00, 0x3F, 0xFF, 0xFF, 0xFF, 0xFF, 0xFF, 0x3F, 0xFF, 0xFF, 0xFF, 0xFF, 0xFF, 0x00, 0x00,
  0x00, 0x00, 0x3F, 0xFF, 0xFF, 0xFF, 0xFF, 0xFE, 0x1F, 0xFF, 0xFF, 0xFF, 0xFF, 0xFF, 0x00, 0x00,
  0x00, 0x00, 0x1F, 0xFF, 0xFF, 0xFF, 0xFF, 0xFE, 0x1F, 0xFF, 0xFF, 0xFF, 0xFF, 0xFE, 0x00, 0x00,
  0x00, 0x00, 0x1F, 0xFF, 0xFF, 0xFF, 0xFF, 0xFE, 0x1F, 0xFF, 0xFF, 0xFF, 0xFF, 0xFE, 0x00, 0x00,
  0x00, 0x00, 0x1F, 0xFF, 0xFF, 0xFF, 0xFF, 0xFE, 0x0F, 0xFF, 0xFF, 0xFF, 0xFF, 0xFE, 0x00, 0x00,
  0x00, 0x00, 0x0F, 0xFF, 0xFF, 0xFF, 0xFF, 0xFE, 0x0F, 0xFF, 0xFF, 0xFF, 0xFF, 0xFC, 0x00, 0x00,
  0x00, 0x00, 0x0F, 0xFF, 0xFF, 0xFF, 0xFF, 0xFC, 0x0F, 0xFF, 0xFF, 0xFF, 0xFF, 0xFC, 0x00, 0x00,
  0x00, 0x00, 0x07, 0xFF, 0xFF, 0xFF, 0xFF, 0xFC, 0x07, 0xFF, 0xFF, 0xFF, 0xFF, 0xFC, 0x00, 0x00,
  0x00, 0x00, 0x07, 0xFF, 0xFF, 0xFF, 0xFF, 0xFC, 0x07, 0xFF, 0xFF, 0xFF, 0xFF, 0xF8, 0x00, 0x00,
  0x00, 0x00, 0x03, 0xFF, 0xFF, 0xFF, 0xFF, 0xF8, 0x03, 0xFF, 0xFF, 0xFF, 0xFF, 0xF8, 0x00, 0x00,
  0x00, 0x00, 0x03, 0xFF, 0xFF, 0xFF, 0xFF, 0xF8, 0x01, 0xFF, 0xFF, 0xFF, 0xFF, 0xF0, 0x00, 0x00,
  0x00, 0x00, 0x01, 0xFF, 0xFF, 0xFF, 0xFF, 0xF0, 0x01, 0xFF, 0xFF, 0xFF, 0xFF, 0xE0, 0x00, 0x00,
  0x00, 0x00, 0x00, 0xFF, 0xFF, 0xFF, 0xFF, 0xE0, 0x00, 0xFF, 0xFF, 0xFF, 0xFF, 0xC0, 0x00, 0x00,
  0x00, 0x00, 0x00, 0xFF, 0xFF, 0xFF, 0xFF, 0xE0, 0x00, 0x7F, 0xFF, 0xFF, 0xFF, 0x80, 0x00, 0x00,
  0x00, 0x00, 0x00, 0x7F, 0xFF, 0xFF, 0xFF, 0xC0, 0x00, 0x1F, 0xFF, 0xFF, 0xFF, 0x00, 0x00, 0x00,
  0x00, 0x00, 0x00, 0x3F, 0xFF, 0xFF, 0xFF, 0x80, 0x00, 0x0F, 0xFF, 0xFF, 0xFE, 0x00, 0x00, 0x00,
  0x00, 0x00, 0x00, 0x1F, 0xFF, 0xFF, 0xFF, 0x00, 0x00, 0x03, 0xFF, 0xFF, 0xF8, 0x00, 0x00, 0x00,
  0x00, 0x00, 0x00, 0x07, 0xFF, 0xFF, 0xFC, 0x00, 0x00, 0x00, 0x7F, 0xFF, 0xE0, 0x00, 0x00, 0x00,
  0x00, 0x00, 0x00, 0x01, 0xFF, 0xFF, 0xF8, 0x00, 0x00, 0x00, 0x03, 0xFE, 0x00, 0x00, 0x00, 0x00,
  0x00, 0x00, 0x00, 0x00, 0x1F, 0xFF, 0xC0, 0x00, 0x00, 0x00, 0x00, 0x00, 0x00, 0x00, 0x00, 0x00,
  0x00, 0x00, 0x00, 0x00, 0x00, 0x00, 0x00, 0x00, 0x00, 0x00, 0x00, 0x00, 0x00, 0x00, 0x00, 0x00,
  0x00, 0x00, 0x00, 0x00, 0x00, 0x00, 0x00, 0x00, 0x00, 0x00, 0x00, 0x00, 0x00, 0x00, 0x00, 0x00,
  0x00, 0x00, 0x00, 0x00, 0x00, 0x00, 0x00, 0x00, 0x00, 0x00, 0x00, 0x00, 0x00, 0x00, 0x00, 0x00,
  0x00, 0x00, 0x00, 0x00, 0x00, 0x00, 0x00, 0x00, 0x00, 0x00, 0x00, 0x00, 0x00, 0x00, 0x00, 0x00,
  0x00, 0x00, 0x00, 0x00, 0x00, 0x00, 0x00, 0x00, 0x00, 0x00, 0x00, 0x00, 0x00, 0x00, 0x00, 0x00,
  0x00, 0x00, 0x00, 0x00, 0x00, 0x00, 0x00, 0x00, 0x00, 0x00, 0x00, 0x00, 0x00, 0x00, 0x00, 0x00,
  0x00, 0x00, 0x00, 0x00, 0x00, 0x00, 0x00, 0x00, 0x00, 0x00, 0x00, 0x00, 0x00, 0x00, 0x00, 0x00,
};

static const uint8_t PROGMEM wow_frame_17[1024] = {
  0x00, 0x00, 0x00, 0x00, 0x00, 0x00, 0x00, 0x00, 0x00, 0x00, 0x00, 0x00, 0x00, 0x00, 0x00, 0x00,
  0x00, 0x00, 0x00, 0x00, 0x00, 0x00, 0x00, 0x00, 0x00, 0x00, 0x00, 0x00, 0x00, 0x00, 0x00, 0x00,
  0x00, 0x00, 0x00, 0x00, 0x00, 0x00, 0x00, 0x00, 0x00, 0x00, 0x00, 0x00, 0x00, 0x00, 0x00, 0x00,
  0x00, 0x00, 0x00, 0x00, 0x00, 0x00, 0x00, 0x00, 0x00, 0x00, 0x00, 0x00, 0x00, 0x00, 0x00, 0x00,
  0x00, 0x00, 0x00, 0x00, 0x00, 0x00, 0x00, 0x00, 0x00, 0x00, 0x00, 0x00, 0x00, 0x00, 0x00, 0x00,
  0x00, 0x00, 0x00, 0x00, 0x00, 0x00, 0x00, 0x00, 0x00, 0x00, 0x00, 0x00, 0x00, 0x00, 0x00, 0x00,
  0x00, 0x00, 0x00, 0x00, 0x00, 0x00, 0x00, 0x00, 0x00, 0x00, 0x00, 0x00, 0x00, 0x00, 0x00, 0x00,
  0x00, 0x00, 0x00, 0x00, 0x00, 0x00, 0x00, 0x00, 0x00, 0x00, 0x00, 0x00, 0x00, 0x00, 0x00, 0x00,
  0x00, 0x00, 0x00, 0x00, 0x00, 0x00, 0x00, 0x00, 0x00, 0x00, 0x00, 0x00, 0x00, 0x00, 0x00, 0x00,
  0x00, 0x00, 0x00, 0x00, 0x00, 0x00, 0x00, 0x00, 0x00, 0x00, 0x00, 0x00, 0x00, 0x00, 0x00, 0x00,
  0x00, 0x00, 0x00, 0x00, 0x00, 0x00, 0x00, 0x00, 0x00, 0x00, 0x00, 0x00, 0x00, 0x00, 0x00, 0x00,
  0x00, 0x00, 0x00, 0x00, 0x07, 0xF8, 0x00, 0x00, 0x00, 0x00, 0x07, 0xFC, 0x00, 0x00, 0x00, 0x00,
  0x00, 0x00, 0x00, 0x00, 0xFF, 0xFF, 0x80, 0x00, 0x00, 0x00, 0x7F, 0xFF, 0xC0, 0x00, 0x00, 0x00,
  0x00, 0x00, 0x00, 0x03, 0xFF, 0xFF, 0xE0, 0x00, 0x00, 0x01, 0xFF, 0xFF, 0xF0, 0x00, 0x00, 0x00,
  0x00, 0x00, 0x00, 0x0F, 0xFF, 0xFF, 0xF8, 0x00, 0x00, 0x07, 0xFF, 0xFF, 0xFC, 0x00, 0x00, 0x00,
  0x00, 0x00, 0x00, 0x1F, 0xFF, 0xFF, 0xFC, 0x00, 0x00, 0x0F, 0xFF, 0xFF, 0xFE, 0x00, 0x00, 0x00,
  0x00, 0x00, 0x00, 0x3F, 0xFF, 0xFF, 0xFE, 0x00, 0x00, 0x1F, 0xFF, 0xFF, 0xFF, 0x00, 0x00, 0x00,
  0x00, 0x00, 0x00, 0x7F, 0xFF, 0xFF, 0xFF, 0x00, 0x00, 0x7F, 0xFF, 0xFF, 0xFF, 0x80, 0x00, 0x00,
  0x00, 0x00, 0x00, 0xFF, 0xFF, 0xFF, 0xFF, 0x80, 0x00, 0x7F, 0xFF, 0xFF, 0xFF, 0xC0, 0x00, 0x00,
  0x00, 0x00, 0x01, 0xFF, 0xFF, 0xFF, 0xFF, 0xC0, 0x00, 0xFF, 0xFF, 0xFF, 0xFF, 0xE0, 0x00, 0x00,
  0x00, 0x00, 0x03, 0xFF, 0xFF, 0xFF, 0xFF, 0xC0, 0x01, 0xFF, 0xFF, 0xFF, 0xFF, 0xE0, 0x00, 0x00,
  0x00, 0x00, 0x03, 0xFF, 0xFF, 0xFF, 0xFF, 0xE0, 0x01, 0xFF, 0xFF, 0xFF, 0xFF, 0xF0, 0x00, 0x00,
  0x00, 0x00, 0x07, 0xFF, 0xFF, 0xFF, 0xFF, 0xF0, 0x03, 0xFF, 0xFF, 0xFF, 0xFF, 0xF0, 0x00, 0x00,
  0x00, 0x00, 0x07, 0xFF, 0xFF, 0xFF, 0xFF, 0xF0, 0x03, 0xFF, 0xFF, 0xFF, 0xFF, 0xF8, 0x00, 0x00,
  0x00, 0x00, 0x07, 0xFF, 0xFF, 0xFF, 0xFF, 0xF0, 0x07, 0xFF, 0xFF, 0xFF, 0xFF, 0xF8, 0x00, 0x00,
  0x00, 0x00, 0x0F, 0xFF, 0xFF, 0xFF, 0xFF, 0xF8, 0x07, 0xFF, 0xFF, 0xFF, 0xFF, 0xF8, 0x00, 0x00,
  0x00, 0x00, 0x0F, 0xFF, 0xFF, 0xFF, 0xFF, 0xF8, 0x07, 0xFF, 0xFF, 0xFF, 0xFF, 0xFC, 0x00, 0x00,
  0x00, 0x00, 0x0F, 0xFF, 0xFF, 0xFF, 0xFF, 0xF8, 0x07, 0xFF, 0xFF, 0xFF, 0xFF, 0xFC, 0x00, 0x00,
  0x00, 0x00, 0x0F, 0xFF, 0xFF, 0xFF, 0xFF, 0xF8, 0x0F, 0xFF, 0xFF, 0xFF, 0xFF, 0xFC, 0x00, 0x00,
  0x00, 0x00, 0x0F, 0xFF, 0xFF, 0xFF, 0xFF, 0xF8, 0x0F, 0xFF, 0xFF, 0xFF, 0xFF, 0xFC, 0x00, 0x00,
  0x00, 0x00, 0x1F, 0xFF, 0xFF, 0xFF, 0xFF, 0xF8, 0x0F, 0xFF, 0xFF, 0xFF, 0xFF, 0xFC, 0x00, 0x00,
  0x00, 0x00, 0x1F, 0xFF, 0xFF, 0xFF, 0xFF, 0xFC, 0x0F, 0xFF, 0xFF, 0xFF, 0xFF, 0xFC, 0x00, 0x00,
  0x00, 0x00, 0x1F, 0xFF, 0xFF, 0xFF, 0xFF, 0xFC, 0x0F, 0xFF, 0xFF, 0xFF, 0xFF, 0xFC, 0x00, 0x00,
  0x00, 0x00, 0x1F, 0xFF, 0xFF, 0xFF, 0xFF, 0xFC, 0x0F, 0xFF, 0xFF, 0xFF, 0xFF, 0xFC, 0x00, 0x00,
  0x00, 0x00, 0x1F, 0xFF, 0xFF, 0xFF, 0xFF, 0xFC, 0x0F, 0xFF, 0xFF, 0xFF, 0xFF, 0xFC, 0x00, 0x00,
  0x00, 0x00, 0x1F, 0xFF, 0xFF, 0xFF, 0xFF, 0xFC, 0x0F, 0xFF, 0xFF, 0xFF, 0xFF, 0xFC, 0x00, 0x00,
  0x00, 0x00, 0x1F, 0xFF, 0xFF, 0xFF, 0xFF, 0xFC, 0x0F, 0xFF, 0xFF, 0xFF, 0xFF, 0xFC, 0x00, 0x00,
  0x00, 0x00, 0x0F, 0xFF, 0xFF, 0xFF, 0xFF, 0xFC, 0x0F, 0xFF, 0xFF, 0xFF, 0xFF, 0xFC, 0x00, 0x00,
  0x00, 0x00, 0x0F, 0xFF, 0xFF, 0xFF, 0xFF, 0xF8, 0x07, 0xFF, 0xFF, 0xFF, 0xFF, 0xFC, 0x00, 0x00,
  0x00, 0x00, 0x0F, 0xFF, 0xFF, 0xFF, 0xFF, 0xF8, 0x07, 0xFF, 0xFF, 0xFF, 0xFF, 0xFC, 0x00, 0x00,
  0x00, 0x00, 0x0F, 0xFF, 0xFF, 0xFF, 0xFF, 0xF8, 0x07, 0xFF, 0xFF, 0xFF, 0xFF, 0xFC, 0x00, 0x00,
  0x00, 0x00, 0x07, 0xFF, 0xFF, 0xFF, 0xFF, 0xF8, 0x07, 0xFF, 0xFF, 0xFF, 0xFF, 0xF8, 0x00, 0x00,
  0x00, 0x00, 0x07, 0xFF, 0xFF, 0xFF, 0xFF, 0xF8, 0x03, 0xFF, 0xFF, 0xFF, 0xFF, 0xF8, 0x00, 0x00,
  0x00, 0x00, 0x07, 0xFF, 0xFF, 0xFF, 0xFF, 0xF0, 0x03, 0xFF, 0xFF, 0xFF, 0xFF, 0xF0, 0x00, 0x00,
  0x00, 0x00, 0x03, 0xFF, 0xFF, 0xFF, 0xFF, 0xF0, 0x01, 0xFF, 0xFF, 0xFF, 0xFF, 0xF0, 0x00, 0x00,
  0x00, 0x00, 0x01, 0xFF, 0xFF, 0xFF, 0xFF, 0xE0, 0x01, 0xFF, 0xFF, 0xFF, 0xFF, 0xF0, 0x00, 0x00,
  0x00, 0x00, 0x01, 0xFF, 0xFF, 0xFF, 0xFF, 0xE0, 0x00, 0xFF, 0xFF, 0xFF, 0xFF, 0xE0, 0x00, 0x00,
  0x00, 0x00, 0x00, 0xFF, 0xFF, 0xFF, 0xFF, 0xC0, 0x00, 0x7F, 0xFF, 0xFF, 0xFF, 0xC0, 0x00, 0x00,
  0x00, 0x00, 0x00, 0x7F, 0xFF, 0xFF, 0xFF, 0xC0, 0x00, 0x3F, 0xFF, 0xFF, 0xFF, 0x80, 0x00, 0x00,
  0x00, 0x00, 0x00, 0x7F, 0xFF, 0xFF, 0xFF, 0x80, 0x00, 0x1F, 0xFF, 0xFF, 0xFF, 0x00, 0x00, 0x00,
  0x00, 0x00, 0x00, 0x3F, 0xFF, 0xFF, 0xFF, 0x00, 0x00, 0x0F, 0xFF, 0xFF, 0xFE, 0x00, 0x00, 0x00,
  0x00, 0x00, 0x00, 0x1F, 0xFF, 0xFF, 0xFE, 0x00, 0x00, 0x03, 0xFF, 0xFF, 0xFC, 0x00, 0x00, 0x00,
  0x00, 0x00, 0x00, 0x0F, 0xFF, 0xFF, 0xFC, 0x00, 0x00, 0x00, 0xFF, 0xFF, 0xF0, 0x00, 0x00, 0x00,
  0x00, 0x00, 0x00, 0x03, 0xFF, 0xFF, 0xF0, 0x00, 0x00, 0x00, 0x1F, 0xFF, 0x80, 0x00, 0x00, 0x00,
  0x00, 0x00, 0x00, 0x00, 0x7F, 0xFF, 0xC0, 0x00, 0x00, 0x00, 0x00, 0x00, 0x00, 0x00, 0x00, 0x00,
  0x00, 0x00, 0x00, 0x00, 0x03, 0xFC, 0x00, 0x00, 0x00, 0x00, 0x00, 0x00, 0x00, 0x00, 0x00, 0x00,
  0x00, 0x00, 0x00, 0x00, 0x00, 0x00, 0x00, 0x00, 0x00, 0x00, 0x00, 0x00, 0x00, 0x00, 0x00, 0x00,
  0x00, 0x00, 0x00, 0x00, 0x00, 0x00, 0x00, 0x00, 0x00, 0x00, 0x00, 0x00, 0x00, 0x00, 0x00, 0x00,
  0x00, 0x00, 0x00, 0x00, 0x00, 0x00, 0x00, 0x00, 0x00, 0x00, 0x00, 0x00, 0x00, 0x00, 0x00, 0x00,
  0x00, 0x00, 0x00, 0x00, 0x00, 0x00, 0x00, 0x00, 0x00, 0x00, 0x00, 0x00, 0x00, 0x00, 0x00, 0x00,
  0x00, 0x00, 0x00, 0x00, 0x00, 0x00, 0x00, 0x00, 0x00, 0x00, 0x00, 0x00, 0x00, 0x00, 0x00, 0x00,
  0x00, 0x00, 0x00, 0x00, 0x00, 0x00, 0x00, 0x00, 0x00, 0x00, 0x00, 0x00, 0x00, 0x00, 0x00, 0x00,
  0x00, 0x00, 0x00, 0x00, 0x00, 0x00, 0x00, 0x00, 0x00, 0x00, 0x00, 0x00, 0x00, 0x00, 0x00, 0x00,
  0x00, 0x00, 0x00, 0x00, 0x00, 0x00, 0x00, 0x00, 0x00, 0x00, 0x00, 0x00, 0x00, 0x00, 0x00, 0x00,
};

static const uint8_t PROGMEM wow_frame_18[1024] = {
  0x00, 0x00, 0x00, 0x00, 0x00, 0x00, 0x00, 0x00, 0x00, 0x00, 0x00, 0x00, 0x00, 0x00, 0x00, 0x00,
  0x00, 0x00, 0x00, 0x00, 0x00, 0x00, 0x00, 0x00, 0x00, 0x00, 0x00, 0x00, 0x00, 0x00, 0x00, 0x00,
  0x00, 0x00, 0x00, 0x00, 0x00, 0x00, 0x00, 0x00, 0x00, 0x00, 0x00, 0x00, 0x00, 0x00, 0x00, 0x00,
  0x00, 0x00, 0x00, 0x00, 0x00, 0x00, 0x00, 0x00, 0x00, 0x00, 0x00, 0x00, 0x00, 0x00, 0x00, 0x00,
  0x00, 0x00, 0x00, 0x00, 0x00, 0x00, 0x00, 0x00, 0x00, 0x00, 0x00, 0x00, 0x00, 0x00, 0x00, 0x00,
  0x00, 0x00, 0x00, 0x00, 0x00, 0x00, 0x00, 0x00, 0x00, 0x00, 0x00, 0x00, 0x00, 0x00, 0x00, 0x00,
  0x00, 0x00, 0x00, 0x00, 0x00, 0x00, 0x00, 0x00, 0x00, 0x00, 0x00, 0x00, 0x00, 0x00, 0x00, 0x00,
  0x00, 0x00, 0x00, 0x00, 0x00, 0x00, 0x00, 0x00, 0x00, 0x00, 0x00, 0x00, 0x00, 0x00, 0x00, 0x00,
  0x00, 0x00, 0x00, 0x00, 0x00, 0x00, 0x00, 0x00, 0x00, 0x00, 0x00, 0x00, 0x00, 0x00, 0x00, 0x00,
  0x00, 0x00, 0x00, 0x00, 0x00, 0x00, 0x00, 0x00, 0x00, 0x00, 0x00, 0x00, 0x00, 0x00, 0x00, 0x00,
  0x00, 0x00, 0x00, 0x00, 0x00, 0x00, 0x00, 0x00, 0x00, 0x00, 0x00, 0x00, 0x00, 0x00, 0x00, 0x00,
  0x00, 0x00, 0x00, 0x00, 0x0F, 0xF8, 0x00, 0x00, 0x00, 0x00, 0x07, 0xFC, 0x00, 0x00, 0x00, 0x00,
  0x00, 0x00, 0x00, 0x00, 0xFF, 0xFF, 0x80, 0x00, 0x00, 0x00, 0x7F, 0xFF, 0xC0, 0x00, 0x00, 0x00,
  0x00, 0x00, 0x00, 0x03, 0xFF, 0xFF, 0xF0, 0x00, 0x00, 0x01, 0xFF, 0xFF, 0xF0, 0x00, 0x00, 0x00,
  0x00, 0x00, 0x00, 0x0F, 0xFF, 0xFF, 0xF8, 0x00, 0x00, 0x07, 0xFF, 0xFF, 0xFC, 0x00, 0x00, 0x00,
  0x00, 0x00, 0x00, 0x1F, 0xFF, 0xFF, 0xFC, 0x00, 0x00, 0x0F, 0xFF, 0xFF, 0xFE, 0x00, 0x00, 0x00,
  0x00, 0x00, 0x00, 0x3F, 0xFF, 0xFF, 0xFE, 0x00, 0x00, 0x3F, 0xFF, 0xFF, 0xFF, 0x00, 0x00, 0x00,
  0x00, 0x00, 0x00, 0x7F, 0xFF, 0xFF, 0xFF, 0x00, 0x00, 0x7F, 0xFF, 0xFF, 0xFF, 0x80, 0x00, 0x00,
  0x00, 0x00, 0x00, 0xFF, 0xFF, 0xFF, 0xFF, 0x80, 0x00, 0xFF, 0xFF, 0xFF, 0xFF, 0xC0, 0x00, 0x00,
  0x00, 0x00, 0x01, 0xFF, 0xFF, 0xFF, 0xFF, 0xC0, 0x00, 0xFF, 0xFF, 0xFF, 0xFF, 0xE0, 0x00, 0x00,
  0x00, 0x00, 0x03, 0xFF, 0xFF, 0xFF, 0xFF, 0xE0, 0x01, 0xFF, 0xFF, 0xFF, 0xFF, 0xE0, 0x00, 0x00,
  0x00, 0x00, 0x03, 0xFF, 0xFF, 0xFF, 0xFF, 0xE0, 0x03, 0xFF, 0xFF, 0xFF, 0xFF, 0xF0, 0x00, 0x00,
  0x00, 0x00, 0x07, 0xFF, 0xFF, 0xFF, 0xFF, 0xF0, 0x03, 0xFF, 0xFF, 0xFF, 0xFF, 0xF0, 0x00, 0x00,
  0x00, 0x00, 0x07, 0xFF, 0xFF, 0xFF, 0xFF, 0xF0, 0x03, 0xFF, 0xFF, 0xFF, 0xFF, 0xF8, 0x00, 0x00,
  0x00, 0x00, 0x07, 0xFF, 0xFF, 0xFF, 0xFF, 0xF0, 0x07, 0xFF, 0xFF, 0xFF, 0xFF, 0xF8, 0x00, 0x00,
  0x00, 0x00, 0x0F, 0xFF, 0xFF, 0xFF, 0xFF, 0xF8, 0x07, 0xFF, 0xFF, 0xFF, 0xFF, 0xF8, 0x00, 0x00,
  0x00, 0x00, 0x0F, 0xFF, 0xFF, 0xFF, 0xFF, 0xF8, 0x07, 0xFF, 0xFF, 0xFF, 0xFF, 0xFC, 0x00, 0x00,
  0x00, 0x00, 0x0F, 0xFF, 0xFF, 0xFF, 0xFF, 0xF8, 0x0F, 0xFF, 0xFF, 0xFF, 0xFF, 0xFC, 0x00, 0x00,
  0x00, 0x00, 0x0F, 0xFF, 0xFF, 0xFF, 0xFF, 0xF8, 0x0F, 0xFF, 0xFF, 0xFF, 0xFF, 0xFC, 0x00, 0x00,
  0x00, 0x00, 0x1F, 0xFF, 0xFF, 0xFF, 0xFF, 0xF8, 0x0F, 0xFF, 0xFF, 0xFF, 0xFF, 0xFC, 0x00, 0x00,
  0x00, 0x00, 0x1F, 0xFF, 0xFF, 0xFF, 0xFF, 0xFC, 0x0F, 0xFF, 0xFF, 0xFF, 0xFF, 0xFC, 0x00, 0x00,
  0x00, 0x00, 0x1F, 0xFF, 0xFF, 0xFF, 0xFF, 0xFC, 0x0F, 0xFF, 0xFF, 0xFF, 0xFF, 0xFC, 0x00, 0x00,
  0x00, 0x00, 0x1F, 0xFF, 0xFF, 0xFF, 0xFF, 0xFC, 0x0F, 0xFF, 0xFF, 0xFF, 0xFF, 0xFC, 0x00, 0x00,
  0x00, 0x00, 0x1F, 0xFF, 0xFF, 0xFF, 0xFF, 0xFC, 0x0F, 0xFF, 0xFF, 0xFF, 0xFF, 0xFC, 0x00, 0x00,
  0x00, 0x00, 0x1F, 0xFF, 0xFF, 0xFF, 0xFF, 0xFC, 0x0F, 0xFF, 0xFF, 0xFF, 0xFF, 0xFC, 0x00, 0x00,
  0x00, 0x00, 0x1F, 0xFF, 0xFF, 0xFF, 0xFF, 0xFC, 0x0F, 0xFF, 0xFF, 0xFF, 0xFF, 0xFC, 0x00, 0x00,
  0x00, 0x00, 0x1F, 0xFF, 0xFF, 0xFF, 0xFF, 0xFC, 0x0F, 0xFF, 0xFF, 0xFF, 0xFF, 0xFC, 0x00, 0x00,
  0x00, 0x00, 0x1F, 0xFF, 0xFF, 0xFF, 0xFF, 0xFC, 0x0F, 0xFF, 0xFF, 0xFF, 0xFF, 0xFC, 0x00, 0x00,
  0x00, 0x00, 0x0F, 0xFF, 0xFF, 0xFF, 0xFF, 0xFC, 0x0F, 0xFF, 0xFF, 0xFF, 0xFF, 0xFC, 0x00, 0x00,
  0x00, 0x00, 0x0F, 0xFF, 0xFF, 0xFF, 0xFF, 0xF8, 0x07, 0xFF, 0xFF, 0xFF, 0xFF, 0xFC, 0x00, 0x00,
  0x00, 0x00, 0x0F, 0xFF, 0xFF, 0xFF, 0xFF, 0xF8, 0x07, 0xFF, 0xFF, 0xFF, 0xFF, 0xFC, 0x00, 0x00,
  0x00, 0x00, 0x07, 0xFF, 0xFF, 0xFF, 0xFF, 0xF8, 0x07, 0xFF, 0xFF, 0xFF, 0xFF, 0xF8, 0x00, 0x00,
  0x00, 0x00, 0x07, 0xFF, 0xFF, 0xFF, 0xFF, 0xF8, 0x03, 0xFF, 0xFF, 0xFF, 0xFF, 0xF8, 0x00, 0x00,
  0x00, 0x00, 0x07, 0xFF, 0xFF, 0xFF, 0xFF, 0xF0, 0x03, 0xFF, 0xFF, 0xFF, 0xFF, 0xF8, 0x00, 0x00,
  0x00, 0x00, 0x03, 0xFF, 0xFF, 0xFF, 0xFF, 0xF0, 0x01, 0xFF, 0xFF, 0xFF, 0xFF, 0xF0, 0x00, 0x00,
  0x00, 0x00, 0x03, 0xFF, 0xFF, 0xFF, 0xFF, 0xF0, 0x01, 0xFF, 0xFF, 0xFF, 0xFF, 0xF0, 0x00, 0x00,
  0x00, 0x00, 0x01, 0xFF, 0xFF, 0xFF, 0xFF, 0xE0, 0x00, 0xFF, 0xFF, 0xFF, 0xFF, 0xE0, 0x00, 0x00,
  0x00, 0x00, 0x00, 0xFF, 0xFF, 0xFF, 0xFF, 0xC0, 0x00, 0x7F, 0xFF, 0xFF, 0xFF, 0xC0, 0x00, 0x00,
  0x00, 0x00, 0x00, 0x7F, 0xFF, 0xFF, 0xFF, 0xC0, 0x00, 0x3F, 0xFF, 0xFF, 0xFF, 0x80, 0x00, 0x00,
  0x00, 0x00, 0x00, 0x7F, 0xFF, 0xFF, 0xFF, 0x80, 0x00, 0x1F, 0xFF, 0xFF, 0xFF, 0x00, 0x00, 0x00,
  0x00, 0x00, 0x00, 0x3F, 0xFF, 0xFF, 0xFF, 0x00, 0x00, 0x0F, 0xFF, 0xFF, 0xFE, 0x00, 0x00, 0x00,
  0x00, 0x00, 0x00, 0x1F, 0xFF, 0xFF, 0xFE, 0x00, 0x00, 0x03, 0xFF, 0xFF, 0xFC, 0x00, 0x00, 0x00,
  0x00, 0x00, 0x00, 0x0F, 0xFF, 0xFF, 0xFC, 0x00, 0x00, 0x00, 0xFF, 0xFF, 0xF0, 0x00, 0x00, 0x00,
  0x00, 0x00, 0x00, 0x03, 0xFF, 0xFF, 0xF8, 0x00, 0x00, 0x00, 0x1F, 0xFF, 0x80, 0x00, 0x00, 0x00,
  0x00, 0x00, 0x00, 0x00, 0x7F, 0xFF, 0xC0, 0x00, 0x00, 0x00, 0x00, 0x00, 0x00, 0x00, 0x00, 0x00,
  0x00, 0x00, 0x00, 0x00, 0x03, 0xFC, 0x00, 0x00, 0x00, 0x00, 0x00, 0x00, 0x00, 0x00, 0x00, 0x00,
  0x00, 0x00, 0x00, 0x00, 0x00, 0x00, 0x00, 0x00, 0x00, 0x00, 0x00, 0x00, 0x00, 0x00, 0x00, 0x00,
  0x00, 0x00, 0x00, 0x00, 0x00, 0x00, 0x00, 0x00, 0x00, 0x00, 0x00, 0x00, 0x00, 0x00, 0x00, 0x00,
  0x00, 0x00, 0x00, 0x00, 0x00, 0x00, 0x00, 0x00, 0x00, 0x00, 0x00, 0x00, 0x00, 0x00, 0x00, 0x00,
  0x00, 0x00, 0x00, 0x00, 0x00, 0x00, 0x00, 0x00, 0x00, 0x00, 0x00, 0x00, 0x00, 0x00, 0x00, 0x00,
  0x00, 0x00, 0x00, 0x00, 0x00, 0x00, 0x00, 0x00, 0x00, 0x00, 0x00, 0x00, 0x00, 0x00, 0x00, 0x00,
  0x00, 0x00, 0x00, 0x00, 0x00, 0x00, 0x00, 0x00, 0x00, 0x00, 0x00, 0x00, 0x00, 0x00, 0x00, 0x00,
  0x00, 0x00, 0x00, 0x00, 0x00, 0x00, 0x00, 0x00, 0x00, 0x00, 0x00, 0x00, 0x00, 0x00, 0x00, 0x00,
  0x00, 0x00, 0x00, 0x00, 0x00, 0x00, 0x00, 0x00, 0x00, 0x00, 0x00, 0x00, 0x00, 0x00, 0x00, 0x00,
};

static const uint8_t PROGMEM wow_frame_19[1024] = {
  0x00, 0x00, 0x00, 0x00, 0x00, 0x00, 0x00, 0x00, 0x00, 0x00, 0x00, 0x00, 0x00, 0x00, 0x00, 0x00,
  0x00, 0x00, 0x00, 0x00, 0x00, 0x00, 0x00, 0x00, 0x00, 0x00, 0x00, 0x00, 0x00, 0x00, 0x00, 0x00,
  0x00, 0x00, 0x00, 0x00, 0x00, 0x00, 0x00, 0x00, 0x00, 0x00, 0x00, 0x00, 0x00, 0x00, 0x00, 0x00,
  0x00, 0x00, 0x00, 0x00, 0x00, 0x00, 0x00, 0x00, 0x00, 0x00, 0x00, 0x00, 0x00, 0x00, 0x00, 0x00,
  0x00, 0x00, 0x00, 0x00, 0x00, 0x00, 0x00, 0x00, 0x00, 0x00, 0x00, 0x00, 0x00, 0x00, 0x00, 0x00,
  0x00, 0x00, 0x00, 0x00, 0x00, 0x00, 0x00, 0x00, 0x00, 0x00, 0x00, 0x00, 0x00, 0x00, 0x00, 0x00,
  0x00, 0x00, 0x00, 0x00, 0x00, 0x00, 0x00, 0x00, 0x00, 0x00, 0x00, 0x00, 0x00, 0x00, 0x00, 0x00,
  0x00, 0x00, 0x00, 0x00, 0x00, 0x00, 0x00, 0x00, 0x00, 0x00, 0x00, 0x00, 0x00, 0x00, 0x00, 0x00,
  0x00, 0x00, 0x00, 0x00, 0x00, 0x00, 0x00, 0x00, 0x00, 0x00, 0x00, 0x00, 0x00, 0x00, 0x00, 0x00,
  0x00, 0x00, 0x00, 0x00, 0x00, 0x00, 0x00, 0x00, 0x00, 0x00, 0x00, 0x00, 0x00, 0x00, 0x00, 0x00,
  0x00, 0x00, 0x00, 0x00, 0x00, 0x00, 0x00, 0x00, 0x00, 0x00, 0x00, 0x00, 0x00, 0x00, 0x00, 0x00,
  0x00, 0x00, 0x00, 0x00, 0x3F, 0xFF, 0x00, 0x00, 0x00, 0x00, 0x3F, 0xFF, 0x00, 0x00, 0x00, 0x00,
  0x00, 0x00, 0x00, 0x01, 0xFF, 0xFF, 0xE0, 0x00, 0x00, 0x01, 0xFF, 0xFF, 0xE0, 0x00, 0x00, 0x00,
  0x00, 0x00, 0x00, 0x07, 0xFF, 0xFF, 0xF0, 0x00, 0x00, 0x03, 0xFF, 0xFF, 0xF8, 0x00, 0x00, 0x00,
  0x00, 0x00, 0x00, 0x0F, 0xFF, 0xFF, 0xFC, 0x00, 0x00, 0x0F, 0xFF, 0xFF, 0xFC, 0x00, 0x00, 0x00,
  0x00, 0x00, 0x00, 0x3F, 0xFF, 0xFF, 0xFE, 0x00, 0x00, 0x1F, 0xFF, 0xFF, 0xFF, 0x00, 0x00, 0x00,
  0x00, 0x00, 0x00, 0x7F, 0xFF, 0xFF, 0xFF, 0x00, 0x00, 0x3F, 0xFF, 0xFF, 0xFF, 0x80, 0x00, 0x00,
  0x00, 0x00, 0x00, 0xFF, 0xFF, 0xFF, 0xFF, 0x80, 0x00, 0x7F, 0xFF, 0xFF, 0xFF, 0xC0, 0x00, 0x00,
  0x00, 0x00, 0x01, 0xFF, 0xFF, 0xFF, 0xFF, 0xC0, 0x00, 0xFF, 0xFF, 0xFF, 0xFF, 0xC0, 0x00, 0x00,
  0x00, 0x00, 0x01, 0xFF, 0xFF, 0xFF, 0xFF, 0xC0, 0x01, 0xFF, 0xFF, 0xFF, 0xFF, 0xE0, 0x00, 0x00,
  0x00, 0x00, 0x03, 0xFF, 0xFF, 0xFF, 0xFF, 0xE0, 0x01, 0xFF, 0xFF, 0xFF, 0xFF, 0xF0, 0x00, 0x00,
  0x00, 0x00, 0x07, 0xFF, 0xFF, 0xFF, 0xFF, 0xF0, 0x03, 0xFF, 0xFF, 0xFF, 0xFF, 0xF0, 0x00, 0x00,
  0x00, 0x00, 0x07, 0xFF, 0xFF, 0xFF, 0xFF, 0xF0, 0x07, 0xFF, 0xFF, 0xFF, 0xFF, 0xF8, 0x00, 0x00,
  0x00, 0x00, 0x07, 0xFF, 0xFF, 0xFF, 0xFF, 0xF8, 0x07, 0xFF, 0xFF, 0xFF, 0xFF, 0xF8, 0x00, 0x00,
  0x00, 0x00, 0x0F, 0xFF, 0xFF, 0xFF, 0xFF, 0xF8, 0x07, 0xFF, 0xFF, 0xFF, 0xFF, 0xF8, 0x00, 0x00,
  0x00, 0x00, 0x0F, 0xFF, 0xFF, 0xFF, 0xFF, 0xF8, 0x07, 0xFF, 0xFF, 0xFF, 0xFF, 0xFC, 0x00, 0x00,
  0x00, 0x00, 0x0F, 0xFF, 0xFF, 0xFF, 0xFF, 0xF8, 0x0F, 0xFF, 0xFF, 0xFF, 0xFF, 0xFC, 0x00, 0x00,
  0x00, 0x00, 0x1F, 0xFF, 0xFF, 0xFF, 0xFF, 0xFC, 0x0F, 0xFF, 0xFF, 0xFF, 0xFF, 0xFC, 0x00, 0x00,
  0x00, 0x00, 0x1F, 0xFF, 0xFF, 0xFF, 0xFF, 0xFC, 0x0F, 0xFF, 0xFF, 0xFF, 0xFF, 0xFC, 0x00, 0x00,
  0x00, 0x00, 0x1F, 0xFF, 0xFF, 0xFF, 0xFF, 0xFC, 0x0F, 0xFF, 0xFF, 0xFF, 0xFF, 0xFC, 0x00, 0x00,
  0x00, 0x00, 0x1F, 0xFF, 0xFF, 0xFF, 0xFF, 0xFC, 0x0F, 0xFF, 0xFF, 0xFF, 0xFF, 0xFE, 0x00, 0x00,
  0x00, 0x00, 0x1F, 0xFF, 0xFF, 0xFF, 0xFF, 0xFC, 0x0F, 0xFF, 0xFF, 0xFF, 0xFF, 0xFE, 0x00, 0x00,
  0x00, 0x00, 0x1F, 0xFF, 0xFF, 0xFF, 0xFF, 0xFC, 0x1F, 0xFF, 0xFF, 0xFF, 0xFF, 0xFE, 0x00, 0x00,
  0x00, 0x00, 0x1F, 0xFF, 0xFF, 0xFF, 0xFF, 0xFC, 0x1F, 0xFF, 0xFF, 0xFF, 0xFF, 0xFE, 0x00, 0x00,
  0x00, 0x00, 0x1F, 0xFF, 0xFF, 0xFF, 0xFF, 0xFC, 0x1F, 0xFF, 0xFF, 0xFF, 0xFF, 0xFE, 0x00, 0x00,
  0x00, 0x00, 0x1F, 0xFF, 0xFF, 0xFF, 0xFF, 0xFC, 0x1F, 0xFF, 0xFF, 0xFF, 0xFF, 0xFE, 0x00, 0x00,
  0x00, 0x00, 0x1F, 0xFF, 0xFF, 0xFF, 0xFF, 0xFC, 0x0F, 0xFF, 0xFF, 0xFF, 0xFF, 0xFE, 0x00, 0x00,
  0x00, 0x00, 0x1F, 0xFF, 0xFF, 0xFF, 0xFF, 0xFC, 0x0F, 0xFF, 0xFF, 0xFF, 0xFF, 0xFE, 0x00, 0x00,
  0x00, 0x00, 0x1F, 0xFF, 0xFF, 0xFF, 0xFF, 0xFC, 0x0F, 0xFF, 0xFF, 0xFF, 0xFF, 0xFC, 0x00, 0x00,
  0x00, 0x00, 0x0F, 0xFF, 0xFF, 0xFF, 0xFF, 0xFC, 0x0F, 0xFF, 0xFF, 0xFF, 0xFF, 0xFC, 0x00, 0x00,
  0x00, 0x00, 0x0F, 0xFF, 0xFF, 0xFF, 0xFF, 0xFC, 0x07, 0xFF, 0xFF, 0xFF, 0xFF, 0xFC, 0x00, 0x00,
  0x00, 0x00, 0x0F, 0xFF, 0xFF, 0xFF, 0xFF, 0xF8, 0x07, 0xFF, 0xFF, 0xFF, 0xFF, 0xFC, 0x00, 0x00,
  0x00, 0x00, 0x07, 0xFF, 0xFF, 0xFF, 0xFF, 0xF8, 0x07, 0xFF, 0xFF, 0xFF, 0xFF, 0xF8, 0x00, 0x00,
  0x00, 0x00, 0x07, 0xFF, 0xFF, 0xFF, 0xFF, 0xF8, 0x03, 0xFF, 0xFF, 0xFF, 0xFF, 0xF8, 0x00, 0x00,
  0x00, 0x00, 0x03, 0xFF, 0xFF, 0xFF, 0xFF, 0xF0, 0x03, 0xFF, 0xFF, 0xFF, 0xFF, 0xF8, 0x00, 0x00,
  0x00, 0x00, 0x03, 0xFF, 0xFF, 0xFF, 0xFF, 0xF0, 0x01, 0xFF, 0xFF, 0xFF, 0xFF, 0xF0, 0x00, 0x00,
  0x00, 0x00, 0x01, 0xFF, 0xFF, 0xFF, 0xFF, 0xF0, 0x01, 0xFF, 0xFF, 0xFF, 0xFF, 0xE0, 0x00, 0x00,
  0x00, 0x00, 0x01, 0xFF, 0xFF, 0xFF, 0xFF, 0xE0, 0x00, 0xFF, 0xFF, 0xFF, 0xFF, 0xE0, 0x00, 0x00,
  0x00, 0x00, 0x00, 0xFF, 0xFF, 0xFF, 0xFF, 0xC0, 0x00, 0x7F, 0xFF, 0xFF, 0xFF, 0xC0, 0x00, 0x00,
  0x00, 0x00, 0x00, 0x7F, 0xFF, 0xFF, 0xFF, 0xC0, 0x00, 0x3F, 0xFF, 0xFF, 0xFF, 0x80, 0x00, 0x00,
  0x00, 0x00, 0x00, 0x3F, 0xFF, 0xFF, 0xFF, 0x80, 0x00, 0x1F, 0xFF, 0xFF, 0xFE, 0x00, 0x00, 0x00,
  0x00, 0x00, 0x00, 0x1F, 0xFF, 0xFF, 0xFF, 0x00, 0x00, 0x07, 0xFF, 0xFF, 0xFC, 0x00, 0x00, 0x00,
  0x00, 0x00, 0x00, 0x0F, 0xFF, 0xFF, 0xFE, 0x00, 0x00, 0x01, 0xFF, 0xFF, 0xF8, 0x00, 0x00, 0x00,
  0x00, 0x00, 0x00, 0x07, 0xFF, 0xFF, 0xF8, 0x00, 0x00, 0x00, 0x3F, 0xFF, 0xC0, 0x00, 0x00, 0x00,
  0x00, 0x00, 0x00, 0x00, 0xFF, 0xFF, 0xE0, 0x00, 0x00, 0x00, 0x01, 0xFC, 0x00, 0x00, 0x00, 0x00,
  0x00, 0x00, 0x00, 0x00, 0x0F, 0xFF, 0x00, 0x00, 0x00, 0x00, 0x00, 0x00, 0x00, 0x00, 0x00, 0x00,
  0x00, 0x00, 0x00, 0x00, 0x00, 0x00, 0x00, 0x00, 0x00, 0x00, 0x00, 0x00, 0x00, 0x00, 0x00, 0x00,
  0x00, 0x00, 0x00, 0x00, 0x00, 0x00, 0x00, 0x00, 0x00, 0x00, 0x00, 0x00, 0x00, 0x00, 0x00, 0x00,
  0x00, 0x00, 0x00, 0x00, 0x00, 0x00, 0x00, 0x00, 0x00, 0x00, 0x00, 0x00, 0x00, 0x00, 0x00, 0x00,
  0x00, 0x00, 0x00, 0x00, 0x00, 0x00, 0x00, 0x00, 0x00, 0x00, 0x00, 0x00, 0x00, 0x00, 0x00, 0x00,
  0x00, 0x00, 0x00, 0x00, 0x00, 0x00, 0x00, 0x00, 0x00, 0x00, 0x00, 0x00, 0x00, 0x00, 0x00, 0x00,
  0x00, 0x00, 0x00, 0x00, 0x00, 0x00, 0x00, 0x00, 0x00, 0x00, 0x00, 0x00, 0x00, 0x00, 0x00, 0x00,
  0x00, 0x00, 0x00, 0x00, 0x00, 0x00, 0x00, 0x00, 0x00, 0x00, 0x00, 0x00, 0x00, 0x00, 0x00, 0x00,
  0x00, 0x00, 0x00, 0x00, 0x00, 0x00, 0x00, 0x00, 0x00, 0x00, 0x00, 0x00, 0x00, 0x00, 0x00, 0x00,
};

static const uint8_t PROGMEM wow_frame_20[1024] = {
  0x00, 0x00, 0x00, 0x00, 0x00, 0x00, 0x00, 0x00, 0x00, 0x00, 0x00, 0x00, 0x00, 0x00, 0x00, 0x00,
  0x00, 0x00, 0x00, 0x00, 0x00, 0x00, 0x00, 0x00, 0x00, 0x00, 0x00, 0x00, 0x00, 0x00, 0x00, 0x00,
  0x00, 0x00, 0x00, 0x00, 0x00, 0x00, 0x00, 0x00, 0x00, 0x00, 0x00, 0x00, 0x00, 0x00, 0x00, 0x00,
  0x00, 0x00, 0x00, 0x00, 0x00, 0x00, 0x00, 0x00, 0x00, 0x00, 0x00, 0x00, 0x00, 0x00, 0x00, 0x00,
  0x00, 0x00, 0x00, 0x00, 0x00, 0x00, 0x00, 0x00, 0x00, 0x00, 0x00, 0x00, 0x00, 0x00, 0x00, 0x00,
  0x00, 0x00, 0x00, 0x00, 0x00, 0x00, 0x00, 0x00, 0x00, 0x00, 0x00, 0x00, 0x00, 0x00, 0x00, 0x00,
  0x00, 0x00, 0x00, 0x00, 0x00, 0x00, 0x00, 0x00, 0x00, 0x00, 0x00, 0x00, 0x00, 0x00, 0x00, 0x00,
  0x00, 0x00, 0x00, 0x00, 0x00, 0x00, 0x00, 0x00, 0x00, 0x00, 0x00, 0x00, 0x00, 0x00, 0x00, 0x00,
  0x00, 0x00, 0x00, 0x00, 0x00, 0x00, 0x00, 0x00, 0x00, 0x00, 0x00, 0x00, 0x00, 0x00, 0x00, 0x00,
  0x00, 0x00, 0x00, 0x00, 0x00, 0x00, 0x00, 0x00, 0x00, 0x00, 0x00, 0x00, 0x00, 0x00, 0x00, 0x00,
  0x00, 0x00, 0x00, 0x00, 0x03, 0xE0, 0x00, 0x00, 0x00, 0x00, 0x03, 0xFC, 0x00, 0x00, 0x00, 0x00,
  0x00, 0x00, 0x00, 0x00, 0xFF, 0xFF, 0x80, 0x00, 0x00, 0x00, 0x7F, 0xFF, 0xC0, 0x00, 0x00, 0x00,
  0x00, 0x00, 0x00, 0x03, 0xFF, 0xFF, 0xF0, 0x00, 0x00, 0x03, 0xFF, 0xFF, 0xF0, 0x00, 0x00, 0x00,
  0x00, 0x00, 0x00, 0x0F, 0xFF, 0xFF, 0xF8, 0x00, 0x00, 0x07, 0xFF, 0xFF, 0xFC, 0x00, 0x00, 0x00,
  0x00, 0x00, 0x00, 0x1F, 0xFF, 0xFF, 0xFE, 0x00, 0x00, 0x1F, 0xFF, 0xFF, 0xFE, 0x00, 0x00, 0x00,
  0x00, 0x00, 0x00, 0x3F, 0xFF, 0xFF, 0xFF, 0x00, 0x00, 0x3F, 0xFF, 0xFF, 0xFF, 0x00, 0x00, 0x00,
  0x00, 0x00, 0x00, 0x7F, 0xFF, 0xFF, 0xFF, 0x80, 0x00, 0x7F, 0xFF, 0xFF, 0xFF, 0x80, 0x00, 0x00,
  0x00, 0x00, 0x00, 0xFF, 0xFF, 0xFF, 0xFF, 0xC0, 0x00, 0xFF, 0xFF, 0xFF, 0xFF, 0xC0, 0x00, 0x00,
  0x00, 0x00, 0x01, 0xFF, 0xFF, 0xFF, 0xFF, 0xC0, 0x01, 0xFF, 0xFF, 0xFF, 0xFF, 0xE0, 0x00, 0x00,
  0x00, 0x00, 0x03, 0xFF, 0xFF, 0xFF, 0xFF, 0xE0, 0x03, 0xFF, 0xFF, 0xFF, 0xFF, 0xF0, 0x00, 0x00,
  0x00, 0x00, 0x07, 0xFF, 0xFF, 0xFF, 0xFF, 0xF0, 0x03, 0xFF, 0xFF, 0xFF, 0xFF, 0xF0, 0x00, 0x00,
  0x00, 0x00, 0x07, 0xFF, 0xFF, 0xFF, 0xFF, 0xF0, 0x07, 0xFF, 0xFF, 0xFF, 0xFF, 0xF8, 0x00, 0x00,
  0x00, 0x00, 0x0F, 0xFF, 0xFF, 0xFF, 0xFF, 0xF8, 0x07, 0xFF, 0xFF, 0xFF, 0xFF, 0xF8, 0x00, 0x00,
  0x00, 0x00, 0x0F, 0xFF, 0xFF, 0xFF, 0xFF, 0xF8, 0x0F, 0xFF, 0xFF, 0xFF, 0xFF, 0xFC, 0x00, 0x00,
  0x00, 0x00, 0x0F, 0xFF, 0xFF, 0xFF, 0xFF, 0xFC, 0x0F, 0xFF, 0xFF, 0xFF, 0xFF, 0xFC, 0x00, 0x00,
  0x00, 0x00, 0x1F, 0xFF, 0xFF, 0xFF, 0xFF, 0xFC, 0x0F, 0xFF, 0xFF, 0xFF, 0xFF, 0xFC, 0x00, 0x00,
  0x00, 0x00, 0x1F, 0xFF, 0xFF, 0xFF, 0xFF, 0xFC, 0x0F, 0xFF, 0xFF, 0xFF, 0xFF, 0xFC, 0x00, 0x00,
  0x00, 0x00, 0x1F, 0xFF, 0xFF, 0xFF, 0xFF, 0xFC, 0x1F, 0xFF, 0xFF, 0xFF, 0xFF, 0xFE, 0x00, 0x00,
  0x00, 0x00, 0x1F, 0xFF, 0xFF, 0xFF, 0xFF, 0xFC, 0x1F, 0xFF, 0xFF, 0xFF, 0xFF, 0xFE, 0x00, 0x00,
  0x00, 0x00, 0x1F, 0xFF, 0xFF, 0xFF, 0xFF, 0xFE, 0x1F, 0xFF, 0xFF, 0xFF, 0xFF, 0xFE, 0x00, 0x00,
  0x00, 0x00, 0x1F, 0xFF, 0xFF, 0xFF, 0xFF, 0xFE, 0x1F, 0xFF, 0xFF, 0xFF, 0xFF, 0xFE, 0x00, 0x00,
  0x00, 0x00, 0x3F, 0xFF, 0xFF, 0xFF, 0xFF, 0xFE, 0x1F, 0xFF, 0xFF, 0xFF, 0xFF, 0xFE, 0x00, 0x00,
  0x00, 0x00, 0x3F, 0xFF, 0xFF, 0xFF, 0xFF, 0xFE, 0x1F, 0xFF, 0xFF, 0xFF, 0xFF, 0xFE, 0x00, 0x00,
  0x00, 0x00, 0x3F, 0xFF, 0xFF, 0xFF, 0xFF, 0xFE, 0x1F, 0xFF, 0xFF, 0xFF, 0xFF, 0xFE, 0x00, 0x00,
  0x00, 0x00, 0x3F, 0xFF, 0xFF, 0xFF, 0xFF, 0xFE, 0x1F, 0xFF, 0xFF, 0xFF, 0xFF, 0xFE, 0x00, 0x00,
  0x00, 0x00, 0x3F, 0xFF, 0xFF, 0xFF, 0xFF, 0xFE, 0x1F, 0xFF, 0xFF, 0xFF, 0xFF, 0xFE, 0x00, 0x00,
  0x00, 0x00, 0x1F, 0xFF, 0xFF, 0xFF, 0xFF, 0xFE, 0x1F, 0xFF, 0xFF, 0xFF, 0xFF, 0xFE, 0x00, 0x00,
  0x00, 0x00, 0x1F, 0xFF, 0xFF, 0xFF, 0xFF, 0xFE, 0x1F, 0xFF, 0xFF, 0xFF, 0xFF, 0xFE, 0x00, 0x00,
  0x00, 0x00, 0x1F, 0xFF, 0xFF, 0xFF, 0xFF, 0xFC, 0x1F, 0xFF, 0xFF, 0xFF, 0xFF, 0xFE, 0x00, 0x00,
  0x00, 0x00, 0x1F, 0xFF, 0xFF, 0xFF, 0xFF, 0xFC, 0x0F, 0xFF, 0xFF, 0xFF, 0xFF, 0xFE, 0x00, 0x00,
  0x00, 0x00, 0x1F, 0xFF, 0xFF, 0xFF, 0xFF, 0xFC, 0x0F, 0xFF, 0xFF, 0xFF, 0xFF, 0xFE, 0x00, 0x00,
  0x00, 0x00, 0x0F, 0xFF, 0xFF, 0xFF, 0xFF, 0xFC, 0x0F, 0xFF, 0xFF, 0xFF, 0xFF, 0xFC, 0x00, 0x00,
  0x00, 0x00, 0x0F, 0xFF, 0xFF, 0xFF, 0xFF, 0xFC, 0x07, 0xFF, 0xFF, 0xFF, 0xFF, 0xFC, 0x00, 0x00,
  0x00, 0x00, 0x0F, 0xFF, 0xFF, 0xFF, 0xFF, 0xF8, 0x07, 0xFF, 0xFF, 0xFF, 0xFF, 0xFC, 0x00, 0x00,
  0x00, 0x00, 0x07, 0xFF, 0xFF, 0xFF, 0xFF, 0xF8, 0x03, 0xFF, 0xFF, 0xFF, 0xFF, 0xF8, 0x00, 0x00,
  0x00, 0x00, 0x07, 0xFF, 0xFF, 0xFF, 0xFF, 0xF8, 0x03, 0xFF, 0xFF, 0xFF, 0xFF, 0xF8, 0x00, 0x00,
  0x00, 0x00, 0x03, 0xFF, 0xFF, 0xFF, 0xFF, 0xF0, 0x01, 0xFF, 0xFF, 0xFF, 0xFF, 0xF0, 0x00, 0x00,
  0x00, 0x00, 0x03, 0xFF, 0xFF, 0xFF, 0xFF, 0xF0, 0x01, 0xFF, 0xFF, 0xFF, 0xFF, 0xE0, 0x00, 0x00,
  0x00, 0x00, 0x01, 0xFF, 0xFF, 0xFF, 0xFF, 0xE0, 0x00, 0xFF, 0xFF, 0xFF, 0xFF, 0xE0, 0x00, 0x00,
  0x00, 0x00, 0x00, 0xFF, 0xFF, 0xFF, 0xFF, 0xE0, 0x00, 0x7F, 0xFF, 0xFF, 0xFF, 0xC0, 0x00, 0x00,
  0x00, 0x00, 0x00, 0xFF, 0xFF, 0xFF, 0xFF, 0xC0, 0x00, 0x3F, 0xFF, 0xFF, 0xFF, 0x80, 0x00, 0x00,
  0x00, 0x00, 0x00, 0x7F, 0xFF, 0xFF, 0xFF, 0x80, 0x00, 0x1F, 0xFF, 0xFF, 0xFE, 0x00, 0x00, 0x00,
  0x00, 0x00, 0x00, 0x3F, 0xFF, 0xFF, 0xFF, 0x00, 0x00, 0x07, 0xFF, 0xFF, 0xFC, 0x00, 0x00, 0x00,
  0x00, 0x00, 0x00, 0x0F, 0xFF, 0xFF, 0xFE, 0x00, 0x00, 0x01, 0xFF, 0xFF, 0xF0, 0x00, 0x00, 0x00,
  0x00, 0x00, 0x00, 0x03, 0xFF, 0xFF, 0xF8, 0x00, 0x00, 0x00, 0x3F, 0xFF, 0x80, 0x00, 0x00, 0x00,
  0x00, 0x00, 0x00, 0x00, 0x7F, 0xFF, 0xE0, 0x00, 0x00, 0x00, 0x00, 0x00, 0x00, 0x00, 0x00, 0x00,
  0x00, 0x00, 0x00, 0x00, 0x07, 0xFF, 0x00, 0x00, 0x00, 0x00, 0x00, 0x00, 0x00, 0x00, 0x00, 0x00,
  0x00, 0x00, 0x00, 0x00, 0x00, 0x00, 0x00, 0x00, 0x00, 0x00, 0x00, 0x00, 0x00, 0x00, 0x00, 0x00,
  0x00, 0x00, 0x00, 0x00, 0x00, 0x00, 0x00, 0x00, 0x00, 0x00, 0x00, 0x00, 0x00, 0x00, 0x00, 0x00,
  0x00, 0x00, 0x00, 0x00, 0x00, 0x00, 0x00, 0x00, 0x00, 0x00, 0x00, 0x00, 0x00, 0x00, 0x00, 0x00,
  0x00, 0x00, 0x00, 0x00, 0x00, 0x00, 0x00, 0x00, 0x00, 0x00, 0x00, 0x00, 0x00, 0x00, 0x00, 0x00,
  0x00, 0x00, 0x00, 0x00, 0x00, 0x00, 0x00, 0x00, 0x00, 0x00, 0x00, 0x00, 0x00, 0x00, 0x00, 0x00,
  0x00, 0x00, 0x00, 0x00, 0x00, 0x00, 0x00, 0x00, 0x00, 0x00, 0x00, 0x00, 0x00, 0x00, 0x00, 0x00,
  0x00, 0x00, 0x00, 0x00, 0x00, 0x00, 0x00, 0x00, 0x00, 0x00, 0x00, 0x00, 0x00, 0x00, 0x00, 0x00,
};

static const uint8_t PROGMEM wow_frame_21[1024] = {
  0x00, 0x00, 0x00, 0x00, 0x00, 0x00, 0x00, 0x00, 0x00, 0x00, 0x00, 0x00, 0x00, 0x00, 0x00, 0x00,
  0x00, 0x00, 0x00, 0x00, 0x00, 0x00, 0x00, 0x00, 0x00, 0x00, 0x00, 0x00, 0x00, 0x00, 0x00, 0x00,
  0x00, 0x00, 0x00, 0x00, 0x00, 0x00, 0x00, 0x00, 0x00, 0x00, 0x00, 0x00, 0x00, 0x00, 0x00, 0x00,
  0x00, 0x00, 0x00, 0x00, 0x00, 0x00, 0x00, 0x00, 0x00, 0x00, 0x00, 0x00, 0x00, 0x00, 0x00, 0x00,
  0x00, 0x00, 0x00, 0x00, 0x00, 0x00, 0x00, 0x00, 0x00, 0x00, 0x00, 0x00, 0x00, 0x00, 0x00, 0x00,
  0x00, 0x00, 0x00, 0x00, 0x00, 0x00, 0x00, 0x00, 0x00, 0x00, 0x00, 0x00, 0x00, 0x00, 0x00, 0x00,
  0x00, 0x00, 0x00, 0x00, 0x00, 0x00, 0x00, 0x00, 0x00, 0x00, 0x00, 0x00, 0x00, 0x00, 0x00, 0x00,
  0x00, 0x00, 0x00, 0x00, 0x00, 0x00, 0x00, 0x00, 0x00, 0x00, 0x00, 0x00, 0x00, 0x00, 0x00, 0x00,
  0x00, 0x00, 0x00, 0x00, 0x00, 0x00, 0x00, 0x00, 0x00, 0x00, 0x00, 0x00, 0x00, 0x00, 0x00, 0x00,
  0x00, 0x00, 0x00, 0x00, 0x00, 0x00, 0x00, 0x00, 0x00, 0x00, 0x00, 0x00, 0x00, 0x00, 0x00, 0x00,
  0x00, 0x00, 0x00, 0x00, 0x00, 0x00, 0x00, 0x00, 0x00, 0x00, 0x00, 0x70, 0x00, 0x00, 0x00, 0x00,
  0x00, 0x00, 0x00, 0x00, 0x00, 0x00, 0x00, 0x00, 0x00, 0x00, 0x03, 0xFF, 0x80, 0x00, 0x00, 0x00,
  0x00, 0x00, 0x00, 0x00, 0xFF, 0xC0, 0x00, 0x00, 0x00, 0x00, 0x1F, 0xFF, 0xE0, 0x00, 0x00, 0x00,
  0x00, 0x00, 0x00, 0x03, 0xFF, 0xF8, 0x00, 0x00, 0x00, 0x00, 0x7F, 0xFF, 0xF8, 0x00, 0x00, 0x00,
  0x00, 0x00, 0x00, 0x0F, 0xFF, 0xFE, 0x00, 0x00, 0x00, 0x01, 0xFF, 0xFF, 0xFC, 0x00, 0x00, 0x00,
  0x00, 0x00, 0x00, 0x1F, 0xFF, 0xFF, 0x80, 0x00, 0x00, 0x07, 0xFF, 0xFF, 0xFE, 0x00, 0x00, 0x00,
  0x00, 0x00, 0x00, 0x3F, 0xFF, 0xFF, 0xE0, 0x00, 0x00, 0x0F, 0xFF, 0xFF, 0xFF, 0x00, 0x00, 0x00,
  0x00, 0x00, 0x00, 0x7F, 0xFF, 0xFF, 0xF8, 0x00, 0x00, 0x1F, 0xFF, 0xFF, 0xFF, 0x80, 0x00, 0x00,
  0x00, 0x00, 0x00, 0xFF, 0xFF, 0xFF, 0xFC, 0x00, 0x00, 0x7F, 0xFF, 0xFF, 0xFF, 0xC0, 0x00, 0x00,
  0x00, 0x00, 0x01, 0xFF, 0xFF, 0xFF, 0xFE, 0x00, 0x00, 0xFF, 0xFF, 0xFF, 0xFF, 0xC0, 0x00, 0x00,
  0x00, 0x00, 0x03, 0xFF, 0xFF, 0xFF, 0xFF, 0x80, 0x01, 0xFF, 0xFF, 0xFF, 0xFF, 0xE0, 0x00, 0x00,
  0x00, 0x00, 0x03, 0xFF, 0xFF, 0xFF, 0xFF, 0xC0, 0x03, 0xFF, 0xFF, 0xFF, 0xFF, 0xE0, 0x00, 0x00,
  0x00, 0x00, 0x07, 0xFF, 0xFF, 0xFF, 0xFF, 0xE0, 0x07, 0xFF, 0xFF, 0xFF, 0xFF, 0xF0, 0x00, 0x00,
  0x00, 0x00, 0x07, 0xFF, 0xFF, 0xFF, 0xFF, 0xE0, 0x07, 0xFF, 0xFF, 0xFF, 0xFF, 0xF8, 0x00, 0x00,
  0x00, 0x00, 0x0F, 0xFF, 0xFF, 0xFF, 0xFF, 0xF0, 0x0F, 0xFF, 0xFF, 0xFF, 0xFF, 0xF8, 0x00, 0x00,
  0x00, 0x00, 0x0F, 0xFF, 0xFF, 0xFF, 0xFF, 0xF8, 0x0F, 0xFF, 0xFF, 0xFF, 0xFF, 0xFC, 0x00, 0x00,
  0x00, 0x00, 0x1F, 0xFF, 0xFF, 0xFF, 0xFF, 0xF8, 0x1F, 0xFF, 0xFF, 0xFF, 0xFF, 0xFC, 0x00, 0x00,
  0x00, 0x00, 0x1F, 0xFF, 0xFF, 0xFF, 0xFF, 0xFC, 0x1F, 0xFF, 0xFF, 0xFF, 0xFF, 0xFE, 0x00, 0x00,
  0x00, 0x00, 0x3F, 0xFF, 0xFF, 0xFF, 0xFF, 0xFC, 0x3F, 0xFF, 0xFF, 0xFF, 0xFF, 0xFE, 0x00, 0x00,
  0x00, 0x00, 0x3F, 0xFF, 0xFF, 0xFF, 0xFF, 0xFC, 0x3F, 0xFF, 0xFF, 0xFF, 0xFF, 0xFF, 0x00, 0x00,
  0x00, 0x00, 0x3F, 0xFF, 0xFF, 0xFF, 0xFF, 0xFE, 0x3F, 0xFF, 0xFF, 0xFF, 0xFF, 0xFF, 0x00, 0x00,
  0x00, 0x00, 0x7F, 0xFF, 0xFF, 0xFF, 0xFF, 0xFE, 0x3F, 0xFF, 0xFF, 0xFF, 0xFF, 0xFF, 0x00, 0x00,
  0x00, 0x00, 0x7F, 0xFF, 0xFF, 0xFF, 0xFF, 0xFE, 0x3F, 0xFF, 0xFF, 0xFF, 0xFF, 0xFF, 0x80, 0x00,
  0x00, 0x00, 0xFF, 0xFF, 0xFF, 0xFF, 0xFF, 0xFE, 0x3F, 0xFF, 0xFF, 0xFF, 0xFF, 0xFF, 0x80, 0x00,
  0x00, 0x00, 0xFF, 0xFF, 0xFF, 0xFF, 0xFF, 0xFE, 0x3F, 0xFF, 0xFF, 0xFF, 0xFF, 0xFF, 0xC0, 0x00,
  0x00, 0x00, 0xFF, 0xFF, 0xFF, 0xFF, 0xFF, 0xFE, 0x3F, 0xFF, 0xFF, 0xFF, 0xFF, 0xFF, 0xC0, 0x00,
  0x00, 0x01, 0xFF, 0xFF, 0xFF, 0xFF, 0xFF, 0xFE, 0x3F, 0xFF, 0xFF, 0xFF, 0xFF, 0xFF, 0xC0, 0x00,
  0x00, 0x01, 0xFF, 0xFF, 0xFF, 0xFF, 0xFF, 0xFC, 0x1F, 0xFF, 0xFF, 0xFF, 0xFF, 0xFF, 0xC0, 0x00,
  0x00, 0x01, 0xFF, 0xFF, 0xFF, 0xFF, 0xFF, 0xFC, 0x1F, 0xFF, 0xFF, 0xFF, 0xFF, 0xFF, 0xC0, 0x00,
  0x00, 0x01, 0xFF, 0xFF, 0xFF, 0xFF, 0xFF, 0xFC, 0x1F, 0xFF, 0xFF, 0xFF, 0xFF, 0xFF, 0x80, 0x00,
  0x00, 0x01, 0xFF, 0xFF, 0xFF, 0xFF, 0xFF, 0xF8, 0x0F, 0xFF, 0xFF, 0xFF, 0xFF, 0xFF, 0x80, 0x00,
  0x00, 0x01, 0xFF, 0xFF, 0xFF, 0xFF, 0xFF, 0xF8, 0x0F, 0xFF, 0xFF, 0xFF, 0xFF, 0xFF, 0x80, 0x00,
  0x00, 0x00, 0xFF, 0xFF, 0xFF, 0xFF, 0xFF, 0xF0, 0x07, 0xFF, 0xFF, 0xFF, 0xFF, 0xFF, 0x00, 0x00,
  0x00, 0x00, 0xFF, 0xFF, 0xFF, 0xFF, 0xFF, 0xF0, 0x03, 0xFF, 0xFF, 0xFF, 0xFF, 0xFF, 0x00, 0x00,
  0x00, 0x00, 0xFF, 0xFF, 0xFF, 0xFF, 0xFF, 0xE0, 0x03, 0xFF, 0xFF, 0xFF, 0xFF, 0xFE, 0x00, 0x00,
  0x00, 0x00, 0x7F, 0xFF, 0xFF, 0xFF, 0xFF, 0xC0, 0x01, 0xFF, 0xFF, 0xFF, 0xFF, 0xFC, 0x00, 0x00,
  0x00, 0x00, 0x7F, 0xFF, 0xFF, 0xFF, 0xFF, 0xC0, 0x00, 0xFF, 0xFF, 0xFF, 0xFF, 0xFC, 0x00, 0x00,
  0x00, 0x00, 0x3F, 0xFF, 0xFF, 0xFF, 0xFF, 0x80, 0x00, 0x7F, 0xFF, 0xFF, 0xFF, 0xF8, 0x00, 0x00,
  0x00, 0x00, 0x1F, 0xFF, 0xFF, 0xFF, 0xFF, 0x00, 0x00, 0x7F, 0xFF, 0xFF, 0xFF, 0xE0, 0x00, 0x00,
  0x00, 0x00, 0x0F, 0xFF, 0xFF, 0xFF, 0xFF, 0x00, 0x00, 0x3F, 0xFF, 0xFF, 0xFF, 0xC0, 0x00, 0x00,
  0x00, 0x00, 0x07, 0xFF, 0xFF, 0xFF, 0xFE, 0x00, 0x00, 0x1F, 0xFF, 0xFF, 0xFF, 0x80, 0x00, 0x00,
  0x00, 0x00, 0x03, 0xFF, 0xFF, 0xFF, 0xFC, 0x00, 0x00, 0x0F, 0xFF, 0xFF, 0xFE, 0x00, 0x00, 0x00,
  0x00, 0x00, 0x00, 0xFF, 0xFF, 0xFF, 0xF8, 0x00, 0x00, 0x07, 0xFF, 0xFF, 0xFC, 0x00, 0x00, 0x00,
  0x00, 0x00, 0x00, 0x7F, 0xFF, 0xFF, 0xF8, 0x00, 0x00, 0x03, 0xFF, 0xFF, 0xF0, 0x00, 0x00, 0x00,
  0x00, 0x00, 0x00, 0x1F, 0xFF, 0xFF, 0xF0, 0x00, 0x00, 0x01, 0xFF, 0xFF, 0xC0, 0x00, 0x00, 0x00,
  0x00, 0x00, 0x00, 0x0F, 0xFF, 0xFF, 0xE0, 0x00, 0x00, 0x00, 0xFF, 0xFF, 0x00, 0x00, 0x00, 0x00,
  0x00, 0x00, 0x00, 0x03, 0xFF, 0xFF, 0xC0, 0x00, 0x00, 0x00, 0x7F, 0xFC, 0x00, 0x00, 0x00, 0x00,
  0x00, 0x00, 0x00, 0x00, 0xFF, 0xFF, 0x80, 0x00, 0x00, 0x00, 0x0F, 0xE0, 0x00, 0x00, 0x00, 0x00,
  0x00, 0x00, 0x00, 0x00, 0x3F, 0xFE, 0x00, 0x00, 0x00, 0x00, 0x00, 0x00, 0x00, 0x00, 0x00, 0x00,
  0x00, 0x00, 0x00, 0x00, 0x07, 0xF8, 0x00, 0x00, 0x00, 0x00, 0x00, 0x00, 0x00, 0x00, 0x00, 0x00,
  0x00, 0x00, 0x00, 0x00, 0x00, 0x00, 0x00, 0x00, 0x00, 0x00, 0x00, 0x00, 0x00, 0x00, 0x00, 0x00,
  0x00, 0x00, 0x00, 0x00, 0x00, 0x00, 0x00, 0x00, 0x00, 0x00, 0x00, 0x00, 0x00, 0x00, 0x00, 0x00,
  0x00, 0x00, 0x00, 0x00, 0x00, 0x00, 0x00, 0x00, 0x00, 0x00, 0x00, 0x00, 0x00, 0x00, 0x00, 0x00,
  0x00, 0x00, 0x00, 0x00, 0x00, 0x00, 0x00, 0x00, 0x00, 0x00, 0x00, 0x00, 0x00, 0x00, 0x00, 0x00,
};

static const uint8_t PROGMEM wow_frame_22[1024] = {
  0x00, 0x00, 0x00, 0x00, 0x00, 0x00, 0x00, 0x00, 0x00, 0x00, 0x00, 0x00, 0x00, 0x00, 0x00, 0x00,
  0x00, 0x00, 0x00, 0x00, 0x00, 0x00, 0x00, 0x00, 0x00, 0x00, 0x00, 0x00, 0x00, 0x00, 0x00, 0x00,
  0x00, 0x00, 0x00, 0x00, 0x00, 0x00, 0x00, 0x00, 0x00, 0x00, 0x00, 0x00, 0x00, 0x00, 0x00, 0x00,
  0x00, 0x00, 0x00, 0x00, 0x00, 0x00, 0x00, 0x00, 0x00, 0x00, 0x00, 0x00, 0x00, 0x00, 0x00, 0x00,
  0x00, 0x00, 0x00, 0x00, 0x00, 0x00, 0x00, 0x00, 0x00, 0x00, 0x00, 0x00, 0x00, 0x00, 0x00, 0x00,
  0x00, 0x00, 0x00, 0x00, 0x00, 0x00, 0x00, 0x00, 0x00, 0x00, 0x00, 0x00, 0x00, 0x00, 0x00, 0x00,
  0x00, 0x00, 0x00, 0x00, 0x00, 0x00, 0x00, 0x00, 0x00, 0x00, 0x00, 0x00, 0x00, 0x00, 0x00, 0x00,
  0x00, 0x00, 0x00, 0x00, 0x00, 0x00, 0x00, 0x00, 0x00, 0x00, 0x00, 0x00, 0x00, 0x00, 0x00, 0x00,
  0x00, 0x00, 0x00, 0x00, 0x00, 0x00, 0x00, 0x00, 0x00, 0x00, 0x00, 0x00, 0x00, 0x00, 0x00, 0x00,
  0x00, 0x00, 0x00, 0x00, 0x00, 0x00, 0x00, 0x00, 0x00, 0x00, 0x00, 0x00, 0x00, 0x00, 0x00, 0x00,
  0x00, 0x00, 0x00, 0x00, 0x00, 0x00, 0x00, 0x00, 0x00, 0x00, 0x00, 0x00, 0x00, 0x00, 0x00, 0x00,
  0x00, 0x00, 0x00, 0x00, 0x00, 0x00, 0x00, 0x00, 0x00, 0x00, 0x7E, 0x00, 0x00, 0x00, 0x00, 0x00,
  0x00, 0x00, 0x00, 0x00, 0x01, 0xFE, 0x00, 0x00, 0x00, 0x01, 0xFF, 0xC0, 0x00, 0x00, 0x00, 0x00,
  0x00, 0x00, 0x00, 0x00, 0x0F, 0xFF, 0x80, 0x00, 0x00, 0x07, 0xFF, 0xF8, 0x00, 0x00, 0x00, 0x00,
  0x00, 0x00, 0x00, 0x00, 0x7F, 0xFF, 0xC0, 0x00, 0x00, 0x0F, 0xFF, 0xFF, 0x80, 0x00, 0x00, 0x00,
  0x00, 0x00, 0x00, 0x03, 0xFF, 0xFF, 0xE0, 0x00, 0x00, 0x0F, 0xFF, 0xFF, 0xF0, 0x00, 0x00, 0x00,
  0x00, 0x00, 0x00, 0x1F, 0xFF, 0xFF, 0xF0, 0x00, 0x00, 0x1F, 0xFF, 0xFF, 0xFE, 0x00, 0x00, 0x00,
  0x00, 0x00, 0x01, 0xFF, 0xFF, 0xFF, 0xF0, 0x00, 0x00, 0x3F, 0xFF, 0xFF, 0xFF, 0xC0, 0x00, 0x00,
  0x00, 0x00, 0x0F, 0xFF, 0xFF, 0xFF, 0xF8, 0x00, 0x00, 0x3F, 0xFF, 0xFF, 0xFF, 0xF8, 0x00, 0x00,
  0x00, 0x00, 0x3F, 0xFF, 0xFF, 0xFF, 0xF8, 0x00, 0x00, 0x3F, 0xFF, 0xFF, 0xFF, 0xFE, 0x00, 0x00,
  0x00, 0x00, 0xFF, 0xFF, 0xFF, 0xFF, 0xFC, 0x00, 0x00, 0x7F, 0xFF, 0xFF, 0xFF, 0xFF, 0x00, 0x00,
  0x00, 0x01, 0xFF, 0xFF, 0xFF, 0xFF, 0xFC, 0x00, 0x00, 0x7F, 0xFF, 0xFF, 0xFF, 0xFF, 0x80, 0x00,
  0x00, 0x03, 0xFF, 0xFF, 0xFF, 0xFF, 0xFC, 0x00, 0x00, 0x7F, 0xFF, 0xFF, 0xFF, 0xFF, 0x80, 0x00,
  0x00, 0x03, 0xFF, 0xFF, 0xFF, 0xFF, 0xFE, 0x00, 0x00, 0xFF, 0xFF, 0xFF, 0xFF, 0xFF, 0xC0, 0x00,
  0x00, 0x07, 0xFF, 0xFF, 0xFF, 0xFF, 0xFE, 0x00, 0x00, 0xFF, 0xFF, 0xFF, 0xFF, 0xFF, 0xC0, 0x00,
  0x00, 0x07, 0xFF, 0xFF, 0xFF, 0xFF, 0xFE, 0x00, 0x00, 0xFF, 0xFF, 0xFF, 0xFF, 0xFF, 0xC0, 0x00,
  0x00, 0x07, 0xFF, 0xFF, 0xFF, 0xFF, 0xFF, 0x00, 0x01, 0xFF, 0xFF, 0xFF, 0xFF, 0xFF, 0xC0, 0x00,
  0x00, 0x07, 0xFF, 0xFF, 0xFF, 0xFF, 0xFF, 0x00, 0x01, 0xFF, 0xFF, 0xFF, 0xFF, 0xFF, 0xC0, 0x00,
  0x00, 0x07, 0xFF, 0xFF, 0xFF, 0xFF, 0xFF, 0x00, 0x01, 0xFF, 0xFF, 0xFF, 0xFF, 0xFF, 0xC0, 0x00,
  0x00, 0x07, 0xFF, 0xFF, 0xFF, 0xFF, 0xFF, 0x80, 0x03, 0xFF, 0xFF, 0xFF, 0xFF, 0xFF, 0xC0, 0x00,
  0x00, 0x07, 0xFF, 0xFF, 0xFF, 0xFF, 0xFF, 0x80, 0x03, 0xFF, 0xFF, 0xFF, 0xFF, 0xFF, 0xC0, 0x00,
  0x00, 0x07, 0xFF, 0xFF, 0xFF, 0xFF, 0xFF, 0x80, 0x03, 0xFF, 0xFF, 0xFF, 0xFF, 0xFF, 0x80, 0x00,
  0x00, 0x03, 0xFF, 0xFF, 0xFF, 0xFF, 0xFF, 0x80, 0x03, 0xFF, 0xFF, 0xFF, 0xFF, 0xFF, 0x80, 0x00,
  0x00, 0x03, 0xFF, 0xFF, 0xFF, 0xFF, 0xFF, 0xC0, 0x07, 0xFF, 0xFF, 0xFF, 0xFF, 0xFF, 0x80, 0x00,
  0x00, 0x03, 0xFF, 0xFF, 0xFF, 0xFF, 0xFF, 0xC0, 0x07, 0xFF, 0xFF, 0xFF, 0xFF, 0xFF, 0x80, 0x00,
  0x00, 0x03, 0xFF, 0xFF, 0xFF, 0xFF, 0xFF, 0xC0, 0x07, 0xFF, 0xFF, 0xFF, 0xFF, 0xFF, 0x00, 0x00,
  0x00, 0x01, 0xFF, 0xFF, 0xFF, 0xFF, 0xFF, 0xC0, 0x07, 0xFF, 0xFF, 0xFF, 0xFF, 0xFF, 0x00, 0x00,
  0x00, 0x01, 0xFF, 0xFF, 0xFF, 0xFF, 0xFF, 0xE0, 0x0F, 0xFF, 0xFF, 0xFF, 0xFF, 0xFF, 0x00, 0x00,
  0x00, 0x01, 0xFF, 0xFF, 0xFF, 0xFF, 0xFF, 0xE0, 0x0F, 0xFF, 0xFF, 0xFF, 0xFF, 0xFE, 0x00, 0x00,
  0x00, 0x00, 0xFF, 0xFF, 0xFF, 0xFF, 0xFF, 0xE0, 0x0F, 0xFF, 0xFF, 0xFF, 0xFF, 0xFE, 0x00, 0x00,
  0x00, 0x00, 0xFF, 0xFF, 0xFF, 0xFF, 0xFF, 0xE0, 0x0F, 0xFF, 0xFF, 0xFF, 0xFF, 0xFE, 0x00, 0x00,
  0x00, 0x00, 0xFF, 0xFF, 0xFF, 0xFF, 0xFF, 0xE0, 0x0F, 0xFF, 0xFF, 0xFF, 0xFF, 0xFE, 0x00, 0x00,
  0x00, 0x00, 0xFF, 0xFF, 0xFF, 0xFF, 0xFF, 0xE0, 0x0F, 0xFF, 0xFF, 0xFF, 0xFF, 0xFC, 0x00, 0x00,
  0x00, 0x00, 0x7F, 0xFF, 0xFF, 0xFF, 0xFF, 0xE0, 0x0F, 0xFF, 0xFF, 0xFF, 0xFF, 0xFC, 0x00, 0x00,
  0x00, 0x00, 0x7F, 0xFF, 0xFF, 0xFF, 0xFF, 0xE0, 0x0F, 0xFF, 0xFF, 0xFF, 0xFF, 0xFC, 0x00, 0x00,
  0x00, 0x00, 0x7F, 0xFF, 0xFF, 0xFF, 0xFF, 0xE0, 0x07, 0xFF, 0xFF, 0xFF, 0xFF, 0xF8, 0x00, 0x00,
  0x00, 0x00, 0x3F, 0xFF, 0xFF, 0xFF, 0xFF, 0xE0, 0x07, 0xFF, 0xFF, 0xFF, 0xFF, 0xF8, 0x00, 0x00,
  0x00, 0x00, 0x3F, 0xFF, 0xFF, 0xFF, 0xFF, 0xC0, 0x03, 0xFF, 0xFF, 0xFF, 0xFF, 0xF8, 0x00, 0x00,
  0x00, 0x00, 0x3F, 0xFF, 0xFF, 0xFF, 0xFF, 0x80, 0x03, 0xFF, 0xFF, 0xFF, 0xFF, 0xF0, 0x00, 0x00,
  0x00, 0x00, 0x1F, 0xFF, 0xFF, 0xFF, 0xFF, 0x80, 0x01, 0xFF, 0xFF, 0xFF, 0xFF, 0xF0, 0x00, 0x00,
  0x00, 0x00, 0x1F, 0xFF, 0xFF, 0xFF, 0xFE, 0x00, 0x00, 0x7F, 0xFF, 0xFF, 0xFF, 0xF0, 0x00, 0x00,
  0x00, 0x00, 0x1F, 0xFF, 0xFF, 0xFF, 0xFC, 0x00, 0x00, 0x1F, 0xFF, 0xFF, 0xFF, 0xE0, 0x00, 0x00,
  0x00, 0x00, 0x0F, 0xFF, 0xFF, 0xFF, 0xE0, 0x00, 0x00, 0x01, 0xFF, 0xFF, 0xFF, 0xE0, 0x00, 0x00,
  0x00, 0x00, 0x0F, 0xFF, 0xFF, 0xFF, 0x00, 0x00, 0x00, 0x00, 0x3F, 0xFF, 0xFF, 0xC0, 0x00, 0x00,
  0x00, 0x00, 0x07, 0xFF, 0xFF, 0xF0, 0x00, 0x00, 0x00, 0x00, 0x03, 0xFF, 0xFF, 0x80, 0x00, 0x00,
  0x00, 0x00, 0x03, 0xFF, 0xFF, 0x00, 0x00, 0x00, 0x00, 0x00, 0x00, 0x3F, 0xFF, 0x00, 0x00, 0x00,
  0x00, 0x00, 0x01, 0xFF, 0xF8, 0x00, 0x00, 0x00, 0x00, 0x00, 0x00, 0x03, 0xFE, 0x00, 0x00, 0x00,
  0x00, 0x00, 0x00, 0xFF, 0x80, 0x00, 0x00, 0x00, 0x00, 0x00, 0x00, 0x00, 0x00, 0x00, 0x00, 0x00,
  0x00, 0x00, 0x00, 0x00, 0x00, 0x00, 0x00, 0x00, 0x00, 0x00, 0x00, 0x00, 0x00, 0x00, 0x00, 0x00,
  0x00, 0x00, 0x00, 0x00, 0x00, 0x00, 0x00, 0x00, 0x00, 0x00, 0x00, 0x00, 0x00, 0x00, 0x00, 0x00,
  0x00, 0x00, 0x00, 0x00, 0x00, 0x00, 0x00, 0x00, 0x00, 0x00, 0x00, 0x00, 0x00, 0x00, 0x00, 0x00,
  0x00, 0x00, 0x00, 0x00, 0x00, 0x00, 0x00, 0x00, 0x00, 0x00, 0x00, 0x00, 0x00, 0x00, 0x00, 0x00,
  0x00, 0x00, 0x00, 0x00, 0x00, 0x00, 0x00, 0x00, 0x00, 0x00, 0x00, 0x00, 0x00, 0x00, 0x00, 0x00,
  0x00, 0x00, 0x00, 0x00, 0x00, 0x00, 0x00, 0x00, 0x00, 0x00, 0x00, 0x00, 0x00, 0x00, 0x00, 0x00,
};

static const uint8_t PROGMEM wow_frame_23[1024] = {
  0x00, 0x00, 0x00, 0x00, 0x00, 0x00, 0x00, 0x00, 0x00, 0x00, 0x00, 0x00, 0x00, 0x00, 0x00, 0x00,
  0x00, 0x00, 0x00, 0x00, 0x00, 0x00, 0x00, 0x00, 0x00, 0x00, 0x00, 0x00, 0x00, 0x00, 0x00, 0x00,
  0x00, 0x00, 0x00, 0x00, 0x00, 0x00, 0x00, 0x00, 0x00, 0x00, 0x00, 0x00, 0x00, 0x00, 0x00, 0x00,
  0x00, 0x00, 0x00, 0x00, 0x00, 0x00, 0x00, 0x00, 0x00, 0x00, 0x00, 0x00, 0x00, 0x00, 0x00, 0x00,
  0x00, 0x00, 0x00, 0x00, 0x00, 0x00, 0x00, 0x00, 0x00, 0x00, 0x00, 0x00, 0x00, 0x00, 0x00, 0x00,
  0x00, 0x00, 0x00, 0x00, 0x00, 0x00, 0x00, 0x00, 0x00, 0x00, 0x00, 0x00, 0x00, 0x00, 0x00, 0x00,
  0x00, 0x00, 0x00, 0x00, 0x00, 0x00, 0x00, 0x00, 0x00, 0x00, 0x00, 0x00, 0x00, 0x00, 0x00, 0x00,
  0x00, 0x00, 0x00, 0x00, 0x00, 0x00, 0x00, 0x00, 0x00, 0x00, 0x00, 0x00, 0x00, 0x00, 0x00, 0x00,
  0x00, 0x00, 0x00, 0x00, 0x00, 0x00, 0x00, 0x00, 0x00, 0x00, 0x00, 0x00, 0x00, 0x00, 0x00, 0x00,
  0x00, 0x00, 0x00, 0x00, 0x00, 0x00, 0x00, 0x00, 0x00, 0x00, 0x00, 0x00, 0x00, 0x00, 0x00, 0x00,
  0x00, 0x00, 0x00, 0x00, 0x00, 0x00, 0x00, 0x00, 0x00, 0x00, 0x00, 0x00, 0x00, 0x00, 0x00, 0x00,
  0x00, 0x00, 0x00, 0x00, 0x00, 0x00, 0x00, 0x00, 0x00, 0x00, 0x00, 0x00, 0x00, 0x00, 0x00, 0x00,
  0x00, 0x00, 0x00, 0x00, 0x00, 0x00, 0x00, 0x00, 0x00, 0x00, 0x00, 0x00, 0x00, 0x00, 0x00, 0x00,
  0x00, 0x00, 0x00, 0x00, 0x00, 0x00, 0x00, 0x00, 0x00, 0x00, 0x00, 0x00, 0x00, 0x00, 0x00, 0x00,
  0x00, 0x00, 0x0F, 0xFF, 0xFF, 0xFF, 0xE0, 0x00, 0x00, 0x1F, 0xFF, 0xFF, 0xFF, 0xE0, 0x00, 0x00,
  0x00, 0x00, 0x1F, 0xFF, 0xFF, 0xFF, 0xF8, 0x00, 0x00, 0x3F, 0xFF, 0xFF, 0xFF, 0xF8, 0x00, 0x00,
  0x00, 0x00, 0x7F, 0xFF, 0xFF, 0xFF, 0xFC, 0x00, 0x00, 0xFF, 0xFF, 0xFF, 0xFF, 0xFC, 0x00, 0x00,
  0x00, 0x00, 0x7F, 0xFF, 0xFF, 0xFF, 0xFE, 0x00, 0x00, 0xFF, 0xFF, 0xFF, 0xFF, 0xFC, 0x00, 0x00,
  0x00, 0x00, 0xFF, 0xFF, 0xFF, 0xFF, 0xFF, 0x00, 0x01, 0xFF, 0xFF, 0xFF, 0xFF, 0xFE, 0x00, 0x00,
  0x00, 0x00, 0xFF, 0xFF, 0xFF, 0xFF, 0xFF, 0x00, 0x01, 0xFF, 0xFF, 0xFF, 0xFF, 0xFE, 0x00, 0x00,
  0x00, 0x01, 0xFF, 0xFF, 0xFF, 0xFF, 0xFF, 0x00, 0x01, 0xFF, 0xFF, 0xFF, 0xFF, 0xFF, 0x00, 0x00,
  0x00, 0x01, 0xFF, 0xFF, 0xFF, 0xFF, 0xFF, 0x00, 0x01, 0xFF, 0xFF, 0xFF, 0xFF, 0xFF, 0x00, 0x00,
  0x00, 0x01, 0xFF, 0xFF, 0xFF, 0xFF, 0xFF, 0x00, 0x01, 0xFF, 0xFF, 0xFF, 0xFF, 0xFF, 0x00, 0x00,
  0x00, 0x01, 0xFF, 0xFF, 0xFF, 0xFF, 0xFF, 0x00, 0x01, 0xFF, 0xFF, 0xFF, 0xFF, 0xFF, 0x00, 0x00,
  0x00, 0x01, 0xFF, 0xFF, 0xFF, 0xFF, 0xFF, 0x00, 0x01, 0xFF, 0xFF, 0xFF, 0xFF, 0xFF, 0x00, 0x00,
  0x00, 0x01, 0xFF, 0xFF, 0xFF, 0xFF, 0xFF, 0x00, 0x01, 0xFF, 0xFF, 0xFF, 0xFF, 0xFF, 0x00, 0x00,
  0x00, 0x01, 0xFF, 0xFF, 0xFF, 0xFF, 0xFF, 0x00, 0x01, 0xFF, 0xFF, 0xFF, 0xFF, 0xFF, 0x00, 0x00,
  0x00, 0x01, 0xFF, 0xFF, 0xFF, 0xFF, 0xFF, 0x00, 0x01, 0xFF, 0xFF, 0xFF, 0xFF, 0xFF, 0x00, 0x00,
  0x00, 0x01, 0xFF, 0xFF, 0xFF, 0xFF, 0xFF, 0x00, 0x01, 0xFF, 0xFF, 0xFF, 0xFF, 0xFF, 0x00, 0x00,
  0x00, 0x01, 0xFF, 0xFF, 0xFF, 0xFF, 0xFF, 0x00, 0x01, 0xFF, 0xFF, 0xFF, 0xFF, 0xFF, 0x00, 0x00,
  0x00, 0x01, 0xFF, 0xFF, 0xFF, 0xFF, 0xFF, 0x00, 0x01, 0xFF, 0xFF, 0xFF, 0xFF, 0xFF, 0x00, 0x00,
  0x00, 0x01, 0xFF, 0xFF, 0xFF, 0xFF, 0xFF, 0x00, 0x01, 0xFF, 0xFF, 0xFF, 0xFF, 0xFF, 0x00, 0x00,
  0x00, 0x01, 0xFF, 0xFF, 0xFF, 0xFF, 0xFF, 0x00, 0x01, 0xFF, 0xFF, 0xFF, 0xFF, 0xFF, 0x00, 0x00,
  0x00, 0x01, 0xFF, 0xFF, 0xFF, 0xFF, 0xFF, 0x00, 0x01, 0xFF, 0xFF, 0xFF, 0xFF, 0xFF, 0x00, 0x00,
  0x00, 0x01, 0xFF, 0xFF, 0xFF, 0xFF, 0xFF, 0x00, 0x01, 0xFF, 0xFF, 0xFF, 0xFF, 0xFF, 0x00, 0x00,
  0x00, 0x01, 0xFF, 0xFF, 0xFF, 0xFF, 0xFF, 0x00, 0x01, 0xFF, 0xFF, 0xFF, 0xFF, 0xFF, 0x00, 0x00,
  0x00, 0x01, 0xFF, 0xFF, 0xFF, 0xFF, 0xFF, 0x00, 0x01, 0xFF, 0xFF, 0xFF, 0xFF, 0xFF, 0x00, 0x00,
  0x00, 0x01, 0xFF, 0xFF, 0xFF, 0xFF, 0xFF, 0x00, 0x01, 0xFF, 0xFF, 0xFF, 0xFF, 0xFF, 0x00, 0x00,
  0x00, 0x01, 0xFF, 0xFF, 0xFF, 0xFF, 0xFF, 0x00, 0x01, 0xFF, 0xFF, 0xFF, 0xFF, 0xFF, 0x00, 0x00,
  0x00, 0x01, 0xFF, 0xFF, 0xFF, 0xFF, 0xFF, 0x00, 0x01, 0xFF, 0xFF, 0xFF, 0xFF, 0xFF, 0x00, 0x00,
  0x00, 0x01, 0xFF, 0xFF, 0xFF, 0xFF, 0xFF, 0x00, 0x01, 0xFF, 0xFF, 0xFF, 0xFF, 0xFF, 0x00, 0x00,
  0x00, 0x01, 0xFF, 0xFF, 0xFF, 0xFF, 0xFF, 0x00, 0x01, 0xFF, 0xFF, 0xFF, 0xFF, 0xFF, 0x00, 0x00,
  0x00, 0x01, 0xFF, 0xFF, 0xFF, 0xFF, 0xFF, 0x00, 0x01, 0xFF, 0xFF, 0xFF, 0xFF, 0xFF, 0x00, 0x00,
  0x00, 0x01, 0xFF, 0xFF, 0xFF, 0xFF, 0xFF, 0x00, 0x01, 0xFF, 0xFF, 0xFF, 0xFF, 0xFF, 0x00, 0x00,
  0x00, 0x01, 0xFF, 0xFF, 0xFF, 0xFF, 0xFF, 0x00, 0x01, 0xFF, 0xFF, 0xFF, 0xFF, 0xFF, 0x00, 0x00,
  0x00, 0x01, 0xFF, 0xFF, 0xFF, 0xFF, 0xFF, 0x00, 0x01, 0xFF, 0xFF, 0xFF, 0xFF, 0xFF, 0x00, 0x00,
  0x00, 0x01, 0xFF, 0xFF, 0xFF, 0xFF, 0xFF, 0x00, 0x01, 0xFF, 0xFF, 0xFF, 0xFF, 0xFF, 0x00, 0x00,
  0x00, 0x01, 0xFF, 0xFF, 0xFF, 0xFF, 0xFF, 0x00, 0x01, 0xFF, 0xFF, 0xFF, 0xFF, 0xFF, 0x00, 0x00,
  0x00, 0x00, 0xFF, 0xFF, 0xFF, 0xFF, 0xFF, 0x00, 0x01, 0xFF, 0xFF, 0xFF, 0xFF, 0xFE, 0x00, 0x00,
  0x00, 0x00, 0xFF, 0xFF, 0xFF, 0xFF, 0xFF, 0x00, 0x01, 0xFF, 0xFF, 0xFF, 0xFF, 0xFE, 0x00, 0x00,
  0x00, 0x00, 0xFF, 0xFF, 0xFF, 0xFF, 0xFE, 0x00, 0x00, 0xFF, 0xFF, 0xFF, 0xFF, 0xFC, 0x00, 0x00,
  0x00, 0x00, 0x7F, 0xFF, 0xFF, 0xFF, 0xFE, 0x00, 0x00, 0xFF, 0xFF, 0xFF, 0xFF, 0xFC, 0x00, 0x00,
  0x00, 0x00, 0x3F, 0xFF, 0xFF, 0xFF, 0xFC, 0x00, 0x00, 0x7F, 0xFF, 0xFF, 0xFF, 0xF8, 0x00, 0x00,
  0x00, 0x00, 0x1F, 0xFF, 0xFF, 0xFF, 0xF8, 0x00, 0x00, 0x1F, 0xFF, 0xFF, 0xFF, 0xE0, 0x00, 0x00,
  0x00, 0x00, 0x03, 0xFF, 0xFF, 0xFF, 0xC0, 0x00, 0x00, 0x03, 0xFF, 0xFF, 0xFF, 0x00, 0x00, 0x00,
  0x00, 0x00, 0x00, 0x00, 0x00, 0x00, 0x00, 0x00, 0x00, 0x00, 0x00, 0x00, 0x00, 0x00, 0x00, 0x00,
  0x00, 0x00, 0x00, 0x00, 0x00, 0x00, 0x00, 0x00, 0x00, 0x00, 0x00, 0x00, 0x00, 0x00, 0x00, 0x00,
  0x00, 0x00, 0x00, 0x00, 0x00, 0x00, 0x00, 0x00, 0x00, 0x00, 0x00, 0x00, 0x00, 0x00, 0x00, 0x00,
  0x00, 0x00, 0x00, 0x00, 0x00, 0x00, 0x00, 0x00, 0x00, 0x00, 0x00, 0x00, 0x00, 0x00, 0x00, 0x00,
  0x00, 0x00, 0x00, 0x00, 0x00, 0x00, 0x00, 0x00, 0x00, 0x00, 0x00, 0x00, 0x00, 0x00, 0x00, 0x00,
  0x00, 0x00, 0x00, 0x00, 0x00, 0x00, 0x00, 0x00, 0x00, 0x00, 0x00, 0x00, 0x00, 0x00, 0x00, 0x00,
  0x00, 0x00, 0x00, 0x00, 0x00, 0x00, 0x00, 0x00, 0x00, 0x00, 0x00, 0x00, 0x00, 0x00, 0x00, 0x00,
  0x00, 0x00, 0x00, 0x00, 0x00, 0x00, 0x00, 0x00, 0x00, 0x00, 0x00, 0x00, 0x00, 0x00, 0x00, 0x00,
  0x00, 0x00, 0x00, 0x00, 0x00, 0x00, 0x00, 0x00, 0x00, 0x00, 0x00, 0x00, 0x00, 0x00, 0x00, 0x00,
};
static const uint8_t* const PROGMEM wow_frames[24] = {
  wow_frame_00,
  wow_frame_01,
  wow_frame_02,
  wow_frame_03,
  wow_frame_04,
  wow_frame_05,
  wow_frame_06,
  wow_frame_07,
  wow_frame_08,
  wow_frame_09,
  wow_frame_10,
  wow_frame_11,
  wow_frame_12,
  wow_frame_13,
  wow_frame_14,
  wow_frame_15,
  wow_frame_16,
  wow_frame_17,
  wow_frame_18,
  wow_frame_19,
  wow_frame_20,
  wow_frame_21,
  wow_frame_22,
  wow_frame_23,
};

// --- Per-frame delays (milliseconds) ---
// Read back with: pgm_read_word(&wow_delays[i])
static const uint16_t PROGMEM wow_delays[24] = {
  200, 150, 150, 150, 150, 150, 150, 150, 150, 150, 150, 150, 150, 150, 150, 150, 150, 150, 150, 150, 150, 150, 150, 200
};
